id,upstream_path,source_kind,surface,owner_crate,milestone,priority,parity_mode,comparator_type,status,future_bucket,defer_reason,acceptance_check
cpp-stim-library-smoke,src/stim.test.cc,cxx-test,library-smoke,stab-core,M0,P0,adapted,direct-rust,planned,,,M0 oracle smoke plus later gate metadata rows
cpp-main-namespaced-smoke,src/stim/main_namespaced.test.cc,cxx-test,cli-entry,stab-cli,M0,P1,adapted,oracle,planned,,,M0 help smoke and CLI entry health
doc-circuit-data-references,doc/circuit_data_references.md,doc,targets,stab-core,M4,P1,structural,direct-rust,planned,,,M4 circuit target reference acceptance
doc-dem-format,doc/file_format_dem_detector_error_model.md,doc,dem-format,stab-core,M10,P1,structural,direct-rust,planned,,,M10 DEM file format acceptance
doc-stim-format,doc/file_format_stim_circuit.md,doc,stim-format,stab-core,M4,P1,structural,direct-rust,planned,,,M4 stim circuit file format acceptance
doc-gates,doc/gates.md,doc,gate-table,stab-core,M4,P1,structural,direct-rust,planned,,,M4 gate reference acceptance
doc-result-formats,doc/result_formats.md,doc,result-format,stab-core,M8,P1,exact-output,direct-rust,planned,,,M8 result format byte contract acceptance
doc-cli-usage,doc/usage_command_line.md,doc,cli-entry,stab-cli,M7,P1,structural,oracle,planned,,,M7 CLI command reference acceptance
cpp-included-twice,src/stim_included_twice.test.cc,cxx-test,build-semantics,none,Future,Skip,skipped,skipped,skipped,,,Cargo crate inclusion semantics replace this C++ check
cpp-circuit-model,src/stim/circuit/circuit.test.cc,cxx-test,stim-format,stab-core,M4,P0,structural,oracle,planned,,,M4 parser model and canonical printing tests
cpp-circuit-instruction,src/stim/circuit/circuit_instruction.test.cc,cxx-test,stim-format,stab-core,M4,P0,structural,oracle,planned,,,M4 instruction argument and target validation
cpp-gate-decomposition,src/stim/circuit/gate_decomposition.test.cc,cxx-test,stim-format,stab-core,M4,P0,structural,oracle,planned,,,M4 decomposition fixtures needed by later simulators
cpp-gate-target,src/stim/circuit/gate_target.test.cc,cxx-test,targets,stab-core,M4,P0,structural,oracle,planned,,,M4 typed target parsing and validation
cpp-command-convert,src/stim/cmd/command_convert.test.cc,cxx-test,command-convert,stab-cli,M4,P1,exact-output,oracle,planned,,,M4 convert parse and canonical print oracle cases
cpp-command-gen,src/stim/cmd/command_gen.test.cc,cxx-test,command-gen,stab-cli,M7,P1,exact-output,oracle,planned,,,M7 generated circuit golden CLI cases
cpp-command-sample,src/stim/cmd/command_sample.test.cc,cxx-test,command-sample,stab-cli,M8,P1,exact-output-and-statistical,oracle,planned,,,M8 deterministic sample exact cases and noisy statistical cases
cpp-command-detect,src/stim/cmd/command_detect.test.cc,cxx-test,command-detect,stab-cli,M9,P1,exact-output,oracle,planned,,,M9 detection CLI exact cases
cpp-command-m2d,src/stim/cmd/command_m2d.test.cc,cxx-test,command-m2d,stab-cli,M9,P1,exact-output,oracle,planned,,,M9 measurement to detection CLI exact cases
cpp-command-analyze-errors,src/stim/cmd/command_analyze_errors.test.cc,cxx-test,command-analyze-errors,stab-cli,M10,P1,structural,oracle,planned,,,M10 analyzer CLI exact and structural DEM cases
cpp-command-sample-dem,src/stim/cmd/command_sample_dem.test.cc,cxx-test,command-sample-dem,stab-cli,M11,P1,exact-output-and-statistical,oracle,planned,,,M11 deterministic and noisy DEM sampling cases
cpp-command-diagram,src/stim/cmd/command_diagram.test.cc,cxx-test,diagrams,none,Future,P3,deferred,deferred,deferred,diagrams,diagram command deferred beyond beta,Future diagram plan owns this command
cpp-command-explain-errors,src/stim/cmd/command_explain_errors.test.cc,cxx-test,explain-errors,none,Future,P3,deferred,deferred,deferred,explain_errors,explain_errors command deferred beyond beta,Future explain_errors plan owns this command
cpp-dem-instruction,src/stim/dem/dem_instruction.test.cc,cxx-test,dem-format,stab-core,M10,P0,structural,oracle,planned,,,M10 DEM instruction parser and printer tests
cpp-detector-error-model,src/stim/dem/detector_error_model.test.cc,cxx-test,dem-format,stab-core,M10,P0,structural,oracle,planned,,,M10 DEM model repeat coordinate and probability tests
cpp-diagram-ascii,src/stim/diagram/ascii_diagram.test.cc,cxx-test,diagrams,none,Future,P3,deferred,deferred,deferred,diagrams,diagram rendering deferred beyond beta,Future diagram snapshot plan
cpp-diagram-base64,src/stim/diagram/base64.test.cc,cxx-test,diagrams,none,Future,P3,deferred,deferred,deferred,diagrams,diagram utility deferred beyond beta,Future diagram snapshot plan
cpp-diagram-coord,src/stim/diagram/coord.test.cc,cxx-test,diagrams,none,Future,P3,deferred,deferred,deferred,diagrams,diagram coordinates deferred beyond beta,Future diagram snapshot plan
cpp-diagram-detector-slice,src/stim/diagram/detector_slice/detector_slice_set.test.cc,cxx-test,diagrams,none,Future,P3,deferred,deferred,deferred,diagrams,detector slice rendering deferred beyond beta,Future diagram snapshot plan
cpp-diagram-match-graph-3d,src/stim/diagram/graph/match_graph_3d_drawer.test.cc,cxx-test,diagrams,none,Future,P3,deferred,deferred,deferred,diagrams,match graph rendering deferred beyond beta,Future diagram snapshot plan
cpp-diagram-match-graph-svg,src/stim/diagram/graph/match_graph_svg_drawer.test.cc,cxx-test,diagrams,none,Future,P3,deferred,deferred,deferred,diagrams,match graph rendering deferred beyond beta,Future diagram snapshot plan
cpp-diagram-json,src/stim/diagram/json_obj.test.cc,cxx-test,diagrams,none,Future,P3,deferred,deferred,deferred,diagrams,diagram JSON utility deferred beyond beta,Future diagram snapshot plan
cpp-diagram-timeline-3d,src/stim/diagram/timeline/timeline_3d_drawer.test.cc,cxx-test,diagrams,none,Future,P3,deferred,deferred,deferred,diagrams,timeline rendering deferred beyond beta,Future diagram snapshot plan
cpp-diagram-timeline-ascii,src/stim/diagram/timeline/timeline_ascii_drawer.test.cc,cxx-test,diagrams,none,Future,P3,deferred,deferred,deferred,diagrams,timeline rendering deferred beyond beta,Future diagram snapshot plan
cpp-diagram-timeline-svg,src/stim/diagram/timeline/timeline_svg_drawer.test.cc,cxx-test,diagrams,none,Future,P3,deferred,deferred,deferred,diagrams,timeline rendering deferred beyond beta,Future diagram snapshot plan
cpp-gates,src/stim/gates/gates.test.cc,cxx-test,gate-table,stab-core,M4,P0,structural,direct-rust,planned,,,M4 gate table alias arity inverse and validation tests
cpp-gen-params,src/stim/gen/circuit_gen_params.test.cc,cxx-test,circuit-generation,stab-core,M7,P1,exact-output,oracle,planned,,,M7 generator parameter validation
cpp-gen-color-code,src/stim/gen/gen_color_code.test.cc,cxx-test,circuit-generation,stab-core,M7,P1,exact-output,oracle,planned,,,M7 color code generator golden cases
cpp-gen-rep-code,src/stim/gen/gen_rep_code.test.cc,cxx-test,circuit-generation,stab-core,M7,P1,exact-output,oracle,planned,,,M7 repetition code generator golden cases
cpp-gen-surface-code,src/stim/gen/gen_surface_code.test.cc,cxx-test,circuit-generation,stab-core,M7,P1,exact-output,oracle,planned,,,M7 surface code generator golden cases
cpp-measure-record,src/stim/io/measure_record.test.cc,cxx-test,result-format,stab-core,M8,P0,exact-output,direct-rust,planned,,,M8 measurement record format parsing and writing
cpp-measure-record-batch,src/stim/io/measure_record_batch.test.cc,cxx-test,result-format,stab-core,M8,P0,exact-output,direct-rust,planned,,,M8 batched result format behavior
cpp-measure-record-batch-writer,src/stim/io/measure_record_batch_writer.test.cc,cxx-test,result-format,stab-core,M8,P0,exact-output,direct-rust,planned,,,M8 batched writer byte layout
cpp-measure-record-reader,src/stim/io/measure_record_reader.test.cc,cxx-test,result-format,stab-core,M8,P0,exact-output,direct-rust,planned,,,M8 measurement reader text and bit packed behavior
cpp-measure-record-writer,src/stim/io/measure_record_writer.test.cc,cxx-test,result-format,stab-core,M8,P0,exact-output,direct-rust,planned,,,M8 measurement writer text and bit packed behavior
cpp-sparse-shot,src/stim/io/sparse_shot.test.cc,cxx-test,result-format,stab-core,M8,P0,exact-output,direct-rust,planned,,,M8 sparse shot result format tests
cpp-bit-ref,src/stim/mem/bit_ref.test.cc,cxx-test,bit-kernel,stab-core,M5,P0,property,direct-rust,planned,,,M5 bit reference and boundary tests
cpp-fixed-cap-vector,src/stim/mem/fixed_cap_vector.test.cc,cxx-test,container-utility,none,Future,Skip,skipped,skipped,skipped,,,Only port if Stab introduces an equivalent container
cpp-monotonic-buffer,src/stim/mem/monotonic_buffer.test.cc,cxx-test,container-utility,none,Future,Skip,skipped,skipped,skipped,,,Only port if Stab introduces an equivalent allocator
cpp-simd-bit-table,src/stim/mem/simd_bit_table.test.cc,cxx-test,bit-kernel,stab-core,M5,P0,property,direct-rust,planned,,,M5 portable SIMD bit table property tests
cpp-simd-bits,src/stim/mem/simd_bits.test.cc,cxx-test,bit-kernel,stab-core,M5,P0,property,direct-rust,planned,,,M5 portable SIMD bit vector property tests
cpp-simd-bits-range,src/stim/mem/simd_bits_range_ref.test.cc,cxx-test,bit-kernel,stab-core,M5,P0,property,direct-rust,planned,,,M5 range reference property tests
cpp-simd-util,src/stim/mem/simd_util.test.cc,cxx-test,bit-kernel,stab-core,M5,P0,property,direct-rust,planned,,,M5 SIMD utility scalar equivalence tests
cpp-simd-word,src/stim/mem/simd_word.test.cc,cxx-test,bit-kernel,stab-core,M5,P0,property,direct-rust,planned,,,M5 bit word scalar equivalence tests
cpp-sparse-xor-vec,src/stim/mem/sparse_xor_vec.test.cc,cxx-test,bit-kernel,stab-core,M5,P0,property,direct-rust,planned,,,M5 sparse XOR vector property tests
cpp-graphlike-algo,src/stim/search/graphlike/algo.test.cc,cxx-test,dem-analysis,stab-core,M10,P0,structural,direct-rust,planned,,,M10 graphlike search algorithm tests
cpp-graphlike-edge,src/stim/search/graphlike/edge.test.cc,cxx-test,dem-analysis,stab-core,M10,P0,structural,direct-rust,planned,,,M10 graphlike edge model tests
cpp-graphlike-graph,src/stim/search/graphlike/graph.test.cc,cxx-test,dem-analysis,stab-core,M10,P0,structural,direct-rust,planned,,,M10 graphlike graph construction tests
cpp-graphlike-node,src/stim/search/graphlike/node.test.cc,cxx-test,dem-analysis,stab-core,M10,P0,structural,direct-rust,planned,,,M10 graphlike node model tests
cpp-graphlike-state,src/stim/search/graphlike/search_state.test.cc,cxx-test,dem-analysis,stab-core,M10,P0,structural,direct-rust,planned,,,M10 graphlike search-state tests
cpp-hyper-algo,src/stim/search/hyper/algo.test.cc,cxx-test,dem-analysis,stab-core,M10,P0,structural,direct-rust,planned,,,M10 hypergraph search algorithm tests
cpp-hyper-edge,src/stim/search/hyper/edge.test.cc,cxx-test,dem-analysis,stab-core,M10,P0,structural,direct-rust,planned,,,M10 hypergraph edge model tests
cpp-hyper-graph,src/stim/search/hyper/graph.test.cc,cxx-test,dem-analysis,stab-core,M10,P0,structural,direct-rust,planned,,,M10 hypergraph construction tests
cpp-hyper-node,src/stim/search/hyper/node.test.cc,cxx-test,dem-analysis,stab-core,M10,P0,structural,direct-rust,planned,,,M10 hypergraph node model tests
cpp-hyper-state,src/stim/search/hyper/search_state.test.cc,cxx-test,dem-analysis,stab-core,M10,P0,structural,direct-rust,planned,,,M10 hypergraph search-state tests
cpp-sat-wcnf,src/stim/search/sat/wcnf.test.cc,cxx-test,dem-analysis,stab-core,M10,P0,structural,direct-rust,planned,,,M10 WCNF output tests for analyzer internals
cpp-dem-sampler,src/stim/simulators/dem_sampler.test.cc,cxx-test,sampler,stab-core,M11,P0,exact-output-and-statistical,oracle,planned,,,M11 compiled DEM sampler tests
cpp-error-analyzer,src/stim/simulators/error_analyzer.test.cc,cxx-test,dem-analysis,stab-core,M10,P0,structural,oracle,planned,,,M10 circuit to DEM analyzer tests
cpp-error-matcher,src/stim/simulators/error_matcher.test.cc,cxx-test,dem-analysis,stab-core,M10,P0,structural,direct-rust,planned,,,M10 error matcher tests
cpp-frame-simulator,src/stim/simulators/frame_simulator.test.cc,cxx-test,sampler,stab-core,M8,P0,exact-output-and-statistical,oracle,planned,,,M8 frame simulator sampling tests
cpp-frame-simulator-util,src/stim/simulators/frame_simulator_util.test.cc,cxx-test,sampler,stab-core,M8,P0,structural,direct-rust,planned,,,M8 frame simulator utility tests
cpp-graph-simulator,src/stim/simulators/graph_simulator.test.cc,cxx-test,sampler,stab-core,M8,P0,structural,direct-rust,planned,,,M8 graph simulator structural checks
cpp-matched-error,src/stim/simulators/matched_error.test.cc,cxx-test,dem-analysis,stab-core,M10,P0,structural,direct-rust,planned,,,M10 matched error analyzer structures
cpp-m2d,src/stim/simulators/measurements_to_detection_events.test.cc,cxx-test,detector-conversion,stab-core,M9,P0,exact-output,oracle,planned,,,M9 measurement to detection conversion tests
cpp-sparse-rev-frame-tracker,src/stim/simulators/sparse_rev_frame_tracker.test.cc,cxx-test,sampler,stab-core,M8,P0,structural,direct-rust,planned,,,M8 sparse reverse frame tracker tests
cpp-tableau-simulator,src/stim/simulators/tableau_simulator.test.cc,cxx-test,sampler,stab-core,M8,P0,structural,oracle,planned,,,M8 tableau simulator semantic tests
cpp-vector-simulator,src/stim/simulators/vector_simulator.test.cc,cxx-test,sampler,stab-core,M8,P0,structural,direct-rust,planned,,,M8 vector simulator semantic cross-checks
cpp-clifford-string,src/stim/stabilizers/clifford_string.test.cc,cxx-test,pauli-string,stab-core,M6,P0,property,direct-rust,planned,,,M6 Clifford string algebra tests
cpp-flex-pauli-string,src/stim/stabilizers/flex_pauli_string.test.cc,cxx-test,pauli-string,stab-core,M6,P0,property,direct-rust,planned,,,M6 flexible Pauli string tests
cpp-flow,src/stim/stabilizers/flow.test.cc,cxx-test,tableau,stab-core,M6,P0,structural,direct-rust,planned,,,M6 flow and stabilizer relation tests
cpp-pauli-string,src/stim/stabilizers/pauli_string.test.cc,cxx-test,pauli-string,stab-core,M6,P0,property,direct-rust,planned,,,M6 Pauli string algebra tests
cpp-pauli-string-iter,src/stim/stabilizers/pauli_string_iter.test.cc,cxx-test,pauli-string,stab-core,M6,P0,property,direct-rust,planned,,,M6 Pauli string iterator tests
cpp-pauli-string-ref,src/stim/stabilizers/pauli_string_ref.test.cc,cxx-test,pauli-string,stab-core,M6,P0,property,direct-rust,planned,,,M6 Pauli string reference view tests
cpp-tableau,src/stim/stabilizers/tableau.test.cc,cxx-test,tableau,stab-core,M6,P0,property,direct-rust,planned,,,M6 tableau algebra tests
cpp-tableau-iter,src/stim/stabilizers/tableau_iter.test.cc,cxx-test,tableau,stab-core,M6,P0,property,direct-rust,planned,,,M6 tableau iterator tests
cpp-arg-parse,src/stim/util_bot/arg_parse.test.cc,cxx-test,cli-args,stab-cli,M7,P1,structural,direct-rust,planned,,,M7 typed CLI argument boundary tests
cpp-error-decomp,src/stim/util_bot/error_decomp.test.cc,cxx-test,dem-analysis,stab-core,M10,P0,structural,direct-rust,planned,,,M10 error decomposition utility tests
cpp-probability-util,src/stim/util_bot/probability_util.test.cc,cxx-test,probability,stab-core,M4,P0,property,direct-rust,planned,,,M4 probability typed-boundary tests
cpp-str-util,src/stim/util_bot/str_util.test.cc,cxx-test,string-utility,none,Future,Skip,skipped,skipped,skipped,,,Only port if Stab exposes equivalent risky string helpers
cpp-test-util,src/stim/util_bot/test_util.test.cc,cxx-test,test-utility,none,Future,Skip,skipped,skipped,skipped,,,C++ test helper parity is not a product surface
cpp-twiddle,src/stim/util_bot/twiddle.test.cc,cxx-test,bit-kernel,stab-core,M5,P0,property,direct-rust,planned,,,M5 bit trick tests when equivalent operations exist
cpp-flow-generators,src/stim/util_top/circuit_flow_generators.test.cc,cxx-test,tableau,stab-core,M6,P1,structural,direct-rust,planned,,,M6 circuit flow generator tests
cpp-inverse-qec,src/stim/util_top/circuit_inverse_qec.test.cc,cxx-test,tableau,stab-core,M6,P1,structural,oracle,planned,,,M6 QEC inverse circuit tests
cpp-inverse-unitary,src/stim/util_top/circuit_inverse_unitary.test.cc,cxx-test,tableau,stab-core,M6,P1,structural,oracle,planned,,,M6 unitary inverse circuit tests
cpp-circuit-to-dem,src/stim/util_top/circuit_to_dem.test.cc,cxx-test,dem-analysis,stab-core,M10,P0,structural,oracle,planned,,,M10 circuit to DEM equivalence tests
cpp-detecting-regions,src/stim/util_top/circuit_to_detecting_regions.test.cc,cxx-test,detector-conversion,stab-core,M9,P1,structural,direct-rust,planned,,,M9 detecting region tests
cpp-amplitudes,src/stim/util_top/circuit_vs_amplitudes.test.cc,cxx-test,sampler,stab-core,M8,P2,structural,direct-rust,planned,,,M8 small semantic vector cross-checks
cpp-circuit-vs-tableau,src/stim/util_top/circuit_vs_tableau.test.cc,cxx-test,tableau,stab-core,M6,P1,structural,oracle,planned,,,M6 circuit versus tableau tests
cpp-count-determined,src/stim/util_top/count_determined_measurements.test.cc,cxx-test,sampler,stab-core,M8,P1,structural,oracle,planned,,,M8 determined measurement count tests
cpp-export-crumble,src/stim/util_top/export_crumble_url.test.cc,cxx-test,crumble,none,Future,P3,deferred,deferred,deferred,crumble,Crumble export deferred beyond core beta,Future Crumble compatibility plan
cpp-export-qasm,src/stim/util_top/export_qasm.test.cc,cxx-test,qasm,none,Future,P3,deferred,deferred,deferred,qasm,QASM export outside initial CLI order,Future QASM export plan
cpp-export-quirk,src/stim/util_top/export_quirk_url.test.cc,cxx-test,quirk,none,Future,P3,deferred,deferred,deferred,quirk,Quirk export outside initial CLI order,Future Quirk export plan
cpp-has-flow,src/stim/util_top/has_flow.test.cc,cxx-test,tableau,stab-core,M6,P1,structural,direct-rust,planned,,,M6 flow satisfaction tests
cpp-mbqc-decomposition,src/stim/util_top/mbqc_decomposition.test.cc,cxx-test,tableau,stab-core,M6,P1,structural,oracle,planned,,,M6 MBQC decomposition flow tests
cpp-missing-detectors,src/stim/util_top/missing_detectors.test.cc,cxx-test,detector-conversion,stab-core,M9,P1,structural,oracle,planned,,,M9 missing detector structural tests
cpp-reference-sample-tree,src/stim/util_top/reference_sample_tree.test.cc,cxx-test,sampler,stab-core,M8,P1,structural,direct-rust,planned,,,M8 reference sample tree tests
cpp-simplified-circuit,src/stim/util_top/simplified_circuit.test.cc,cxx-test,tableau,stab-core,M6,P1,structural,oracle,planned,,,M6 simplified circuit base-decomposition tests
cpp-stabilizers-to-tableau,src/stim/util_top/stabilizers_to_tableau.test.cc,cxx-test,tableau,stab-core,M6,P1,structural,direct-rust,planned,,,M6 stabilizers to tableau tests
cpp-stabilizers-vs-amplitudes,src/stim/util_top/stabilizers_vs_amplitudes.test.cc,cxx-test,tableau,stab-core,M6,P2,structural,direct-rust,planned,,,M6 small stabilizer amplitude semantic checks
cpp-transform-without-feedback,src/stim/util_top/transform_without_feedback.test.cc,cxx-test,detector-conversion,stab-core,M9,P1,structural,oracle,planned,,,M9 feedback-removal detector-conversion fixtures
py-circuit-instruction,src/stim/circuit/circuit_instruction_pybind_test.py,py-test,stim-format,stab-core,M4,P2,semantic-mining,direct-rust,planned,,,M4 mine instruction semantics and error cases
py-circuit,src/stim/circuit/circuit_pybind_test.py,py-test,stim-format,stab-core,M4,P2,semantic-mining,direct-rust,planned,,,M4 mine circuit constructor parse print and equality semantics
py-repeat-block,src/stim/circuit/circuit_repeat_block_test.py,py-test,stim-format,stab-core,M4,P2,semantic-mining,direct-rust,planned,,,M4 mine repeat block semantics
py-gate-target,src/stim/circuit/gate_target_pybind_test.py,py-test,targets,stab-core,M4,P2,semantic-mining,direct-rust,planned,,,M4 mine target semantics
py-dem-instruction,src/stim/dem/dem_instruction_pybind_test.py,py-test,dem-format,stab-core,M10,P2,semantic-mining,direct-rust,planned,,,M10 mine DEM instruction semantics
py-dem,src/stim/dem/detector_error_model_pybind_test.py,py-test,dem-format,stab-core,M10,P2,semantic-mining,direct-rust,planned,,,M10 mine DEM model semantics
py-dem-repeat,src/stim/dem/detector_error_model_repeat_block_pybind_test.py,py-test,dem-format,stab-core,M10,P2,semantic-mining,direct-rust,planned,,,M10 mine DEM repeat block semantics
py-dem-target,src/stim/dem/detector_error_model_target_pybind_test.py,py-test,dem-format,stab-core,M10,P2,semantic-mining,direct-rust,planned,,,M10 mine DEM target semantics
py-gates,src/stim/gates/gates_test.py,py-test,gate-table,stab-core,M4,P2,semantic-mining,direct-rust,planned,,,M4 mine gate metadata semantics
py-compiled-detector-sampler,src/stim/py/compiled_detector_sampler_pybind_test.py,py-test,sampler,stab-core,M11,P2,semantic-mining,direct-rust,planned,,,M11 mine compiled detector sampler behavior
py-compiled-measurement-sampler,src/stim/py/compiled_measurement_sampler_pybind_test.py,py-test,sampler,stab-core,M8,P2,semantic-mining,direct-rust,planned,,,M8 mine compiled measurement sampler behavior
py-stim-main,src/stim/py/stim_pybind_test.py,py-test,cli-entry,stab-cli,M7,P2,semantic-mining,direct-rust,planned,,,M7 mine CLI entry behavior before Python bindings
py-dem-sampler,src/stim/simulators/dem_sampler_pybind_test.py,py-test,sampler,stab-core,M11,P2,semantic-mining,direct-rust,planned,,,M11 mine DEM sampler behavior
py-frame-simulator,src/stim/simulators/frame_simulator_pybind_test.py,py-test,sampler,stab-core,M8,P2,semantic-mining,direct-rust,planned,,,M8 mine frame simulator semantics
py-matched-error,src/stim/simulators/matched_error_pybind_test.py,py-test,dem-analysis,stab-core,M10,P2,semantic-mining,direct-rust,planned,,,M10 mine matched error semantics
py-m2d,src/stim/simulators/measurements_to_detection_events_test.py,py-test,detector-conversion,stab-core,M9,P2,semantic-mining,direct-rust,planned,,,M9 mine measurement to detection behavior
py-tableau-simulator,src/stim/simulators/tableau_simulator_pybind_test.py,py-test,sampler,stab-core,M8,P2,semantic-mining,direct-rust,planned,,,M8 mine tableau simulator semantics
py-clifford-string,src/stim/stabilizers/clifford_string_pybind_test.py,py-test,pauli-string,stab-core,M6,P2,semantic-mining,direct-rust,planned,,,M6 mine Clifford string semantics
py-flow,src/stim/stabilizers/flow_pybind_test.py,py-test,tableau,stab-core,M6,P2,semantic-mining,direct-rust,planned,,,M6 mine flow semantics
py-pauli-string,src/stim/stabilizers/pauli_string_pybind_test.py,py-test,pauli-string,stab-core,M6,P2,semantic-mining,direct-rust,planned,,,M6 mine Pauli string semantics
py-tableau,src/stim/stabilizers/tableau_pybind_test.py,py-test,tableau,stab-core,M6,P2,semantic-mining,direct-rust,planned,,,M6 mine tableau semantics
py-flow-generators,src/stim/util_top/circuit_flow_generators_test.py,py-test,tableau,stab-core,M6,P2,semantic-mining,direct-rust,planned,,,M6 mine circuit flow generator semantics
py-inverse-qec,src/stim/util_top/circuit_inverse_qec_test.py,py-test,tableau,stab-core,M6,P2,semantic-mining,direct-rust,planned,,,M6 mine inverse QEC semantics
py-detecting-regions,src/stim/util_top/circuit_to_detecting_regions_test.py,py-test,detector-conversion,stab-core,M9,P2,semantic-mining,direct-rust,planned,,,M9 mine detecting region semantics
py-export-crumble,src/stim/util_top/export_crumble_url_pybind_test.py,py-test,crumble,none,Future,P3,deferred,deferred,deferred,crumble,Crumble export deferred beyond core beta,Future Crumble compatibility plan
py-export-qasm,src/stim/util_top/export_qasm_pybind_test.py,py-test,qasm,none,Future,P3,deferred,deferred,deferred,qasm,QASM export outside initial CLI order,Future QASM export plan
py-export-quirk,src/stim/util_top/export_quirk_url_pybind_test.py,py-test,quirk,none,Future,P3,deferred,deferred,deferred,quirk,Quirk export outside initial CLI order,Future Quirk export plan
py-deferred-cirq-stimcirq-cirq-to-stim-test-py,glue/cirq/stimcirq/_cirq_to_stim_test.py,py-test,cirq,none,Future,P3,deferred,deferred,deferred,cirq,Cirq integration deferred beyond core beta,Future ecosystem compatibility plan
py-deferred-cirq-stimcirq-cx-swap-test-py,glue/cirq/stimcirq/_cx_swap_test.py,py-test,cirq,none,Future,P3,deferred,deferred,deferred,cirq,Cirq integration deferred beyond core beta,Future ecosystem compatibility plan
py-deferred-cirq-stimcirq-cz-swap-test-py,glue/cirq/stimcirq/_cz_swap_test.py,py-test,cirq,none,Future,P3,deferred,deferred,deferred,cirq,Cirq integration deferred beyond core beta,Future ecosystem compatibility plan
py-deferred-cirq-stimcirq-det-annotation-test-py,glue/cirq/stimcirq/_det_annotation_test.py,py-test,cirq,none,Future,P3,deferred,deferred,deferred,cirq,Cirq integration deferred beyond core beta,Future ecosystem compatibility plan
py-deferred-cirq-stimcirq-feedback-pauli-test-py,glue/cirq/stimcirq/_feedback_pauli_test.py,py-test,cirq,none,Future,P3,deferred,deferred,deferred,cirq,Cirq integration deferred beyond core beta,Future ecosystem compatibility plan
py-deferred-cirq-stimcirq-i-error-gate-test-py,glue/cirq/stimcirq/_i_error_gate_test.py,py-test,cirq,none,Future,P3,deferred,deferred,deferred,cirq,Cirq integration deferred beyond core beta,Future ecosystem compatibility plan
py-deferred-cirq-stimcirq-ii-error-gate-test-py,glue/cirq/stimcirq/_ii_error_gate_test.py,py-test,cirq,none,Future,P3,deferred,deferred,deferred,cirq,Cirq integration deferred beyond core beta,Future ecosystem compatibility plan
py-deferred-cirq-stimcirq-ii-gate-test-py,glue/cirq/stimcirq/_ii_gate_test.py,py-test,cirq,none,Future,P3,deferred,deferred,deferred,cirq,Cirq integration deferred beyond core beta,Future ecosystem compatibility plan
py-deferred-cirq-stimcirq-measure-and-or-reset-gate-test-py,glue/cirq/stimcirq/_measure_and_or_reset_gate_test.py,py-test,cirq,none,Future,P3,deferred,deferred,deferred,cirq,Cirq integration deferred beyond core beta,Future ecosystem compatibility plan
py-deferred-cirq-stimcirq-obs-annotation-test-py,glue/cirq/stimcirq/_obs_annotation_test.py,py-test,cirq,none,Future,P3,deferred,deferred,deferred,cirq,Cirq integration deferred beyond core beta,Future ecosystem compatibility plan
py-deferred-cirq-stimcirq-shift-coords-annotation-test-py,glue/cirq/stimcirq/_shift_coords_annotation_test.py,py-test,cirq,none,Future,P3,deferred,deferred,deferred,cirq,Cirq integration deferred beyond core beta,Future ecosystem compatibility plan
py-deferred-cirq-stimcirq-stim-sampler-test-py,glue/cirq/stimcirq/_stim_sampler_test.py,py-test,cirq,none,Future,P3,deferred,deferred,deferred,cirq,Cirq integration deferred beyond core beta,Future ecosystem compatibility plan
py-deferred-cirq-stimcirq-sweep-pauli-test-py,glue/cirq/stimcirq/_sweep_pauli_test.py,py-test,cirq,none,Future,P3,deferred,deferred,deferred,cirq,Cirq integration deferred beyond core beta,Future ecosystem compatibility plan
py-deferred-cirq-stimcirq-two-qubit-asymmetric-depolarize-test-py,glue/cirq/stimcirq/_two_qubit_asymmetric_depolarize_test.py,py-test,cirq,none,Future,P3,deferred,deferred,deferred,cirq,Cirq integration deferred beyond core beta,Future ecosystem compatibility plan
py-deferred-lattice-surgery-stimzx-external-stabilizer-test-py,glue/lattice_surgery/stimzx/_external_stabilizer_test.py,py-test,lattice-surgery,none,Future,P3,deferred,deferred,deferred,lattice_surgery,Lattice surgery ecosystem deferred beyond core beta,Future ecosystem compatibility plan
py-deferred-lattice-surgery-stimzx-text-diagram-parsing-test-py,glue/lattice_surgery/stimzx/_text_diagram_parsing_test.py,py-test,lattice-surgery,none,Future,P3,deferred,deferred,deferred,lattice_surgery,Lattice surgery ecosystem deferred beyond core beta,Future ecosystem compatibility plan
py-deferred-sample-src-sinter-collection-collection-manager-test-py,glue/sample/src/sinter/_collection/_collection_manager_test.py,py-test,sinter,none,Future,P3,deferred,deferred,deferred,sinter,Sinter ecosystem deferred beyond core beta,Future ecosystem compatibility plan
py-deferred-sample-src-sinter-collection-collection-test-py,glue/sample/src/sinter/_collection/_collection_test.py,py-test,sinter,none,Future,P3,deferred,deferred,deferred,sinter,Sinter ecosystem deferred beyond core beta,Future ecosystem compatibility plan
py-deferred-sample-src-sinter-collection-collection-worker-test-py,glue/sample/src/sinter/_collection/_collection_worker_test.py,py-test,sinter,none,Future,P3,deferred,deferred,deferred,sinter,Sinter ecosystem deferred beyond core beta,Future ecosystem compatibility plan
py-deferred-sample-src-sinter-collection-sampler-ramp-throttled-test-py,glue/sample/src/sinter/_collection/_sampler_ramp_throttled_test.py,py-test,sinter,none,Future,P3,deferred,deferred,deferred,sinter,Sinter ecosystem deferred beyond core beta,Future ecosystem compatibility plan
py-deferred-sample-src-sinter-command-main-combine-test-py,glue/sample/src/sinter/_command/_main_combine_test.py,py-test,sinter,none,Future,P3,deferred,deferred,deferred,sinter,Sinter ecosystem deferred beyond core beta,Future ecosystem compatibility plan
py-deferred-sample-src-sinter-command-main-plot-test-py,glue/sample/src/sinter/_command/_main_plot_test.py,py-test,sinter,none,Future,P3,deferred,deferred,deferred,sinter,Sinter ecosystem deferred beyond core beta,Future ecosystem compatibility plan
py-deferred-sample-src-sinter-command-main-predict-test-py,glue/sample/src/sinter/_command/_main_predict_test.py,py-test,sinter,none,Future,P3,deferred,deferred,deferred,sinter,Sinter ecosystem deferred beyond core beta,Future ecosystem compatibility plan
py-deferred-sample-src-sinter-data-anon-task-stats-test-py,glue/sample/src/sinter/_data/_anon_task_stats_test.py,py-test,sinter,none,Future,P3,deferred,deferred,deferred,sinter,Sinter ecosystem deferred beyond core beta,Future ecosystem compatibility plan
py-deferred-sample-src-sinter-data-collection-options-test-py,glue/sample/src/sinter/_data/_collection_options_test.py,py-test,sinter,none,Future,P3,deferred,deferred,deferred,sinter,Sinter ecosystem deferred beyond core beta,Future ecosystem compatibility plan
py-deferred-sample-src-sinter-data-existing-data-test-py,glue/sample/src/sinter/_data/_existing_data_test.py,py-test,sinter,none,Future,P3,deferred,deferred,deferred,sinter,Sinter ecosystem deferred beyond core beta,Future ecosystem compatibility plan
py-deferred-sample-src-sinter-data-task-stats-test-py,glue/sample/src/sinter/_data/_task_stats_test.py,py-test,sinter,none,Future,P3,deferred,deferred,deferred,sinter,Sinter ecosystem deferred beyond core beta,Future ecosystem compatibility plan
py-deferred-sample-src-sinter-data-task-test-py,glue/sample/src/sinter/_data/_task_test.py,py-test,sinter,none,Future,P3,deferred,deferred,deferred,sinter,Sinter ecosystem deferred beyond core beta,Future ecosystem compatibility plan
py-deferred-sample-src-sinter-decoding-decoding-test-py,glue/sample/src/sinter/_decoding/_decoding_test.py,py-test,sinter,none,Future,P3,deferred,deferred,deferred,sinter,Sinter ecosystem deferred beyond core beta,Future ecosystem compatibility plan
py-deferred-sample-src-sinter-decoding-stim-then-decode-sampler-test-py,glue/sample/src/sinter/_decoding/_stim_then_decode_sampler_test.py,py-test,sinter,none,Future,P3,deferred,deferred,deferred,sinter,Sinter ecosystem deferred beyond core beta,Future ecosystem compatibility plan
py-deferred-sample-src-sinter-plotting-test-py,glue/sample/src/sinter/_plotting_test.py,py-test,sinter,none,Future,P3,deferred,deferred,deferred,sinter,Sinter ecosystem deferred beyond core beta,Future ecosystem compatibility plan
py-deferred-sample-src-sinter-predict-test-py,glue/sample/src/sinter/_predict_test.py,py-test,sinter,none,Future,P3,deferred,deferred,deferred,sinter,Sinter ecosystem deferred beyond core beta,Future ecosystem compatibility plan
py-deferred-sample-src-sinter-probability-util-test-py,glue/sample/src/sinter/_probability_util_test.py,py-test,sinter,none,Future,P3,deferred,deferred,deferred,sinter,Sinter ecosystem deferred beyond core beta,Future ecosystem compatibility plan
py-deferred-stimflow-src-stimflow-chunk-chunk-builder-test-py,glue/stimflow/src/stimflow/_chunk/_chunk_builder_test.py,py-test,stimflow,none,Future,P3,deferred,deferred,deferred,stimflow,StimFlow ecosystem deferred beyond core beta,Future ecosystem compatibility plan
py-deferred-stimflow-src-stimflow-chunk-chunk-compiler-test-py,glue/stimflow/src/stimflow/_chunk/_chunk_compiler_test.py,py-test,stimflow,none,Future,P3,deferred,deferred,deferred,stimflow,StimFlow ecosystem deferred beyond core beta,Future ecosystem compatibility plan
py-deferred-stimflow-src-stimflow-chunk-chunk-reflow-test-py,glue/stimflow/src/stimflow/_chunk/_chunk_reflow_test.py,py-test,stimflow,none,Future,P3,deferred,deferred,deferred,stimflow,StimFlow ecosystem deferred beyond core beta,Future ecosystem compatibility plan
py-deferred-stimflow-src-stimflow-chunk-chunk-test-py,glue/stimflow/src/stimflow/_chunk/_chunk_test.py,py-test,stimflow,none,Future,P3,deferred,deferred,deferred,stimflow,StimFlow ecosystem deferred beyond core beta,Future ecosystem compatibility plan
py-deferred-stimflow-src-stimflow-chunk-code-util-test-py,glue/stimflow/src/stimflow/_chunk/_code_util_test.py,py-test,stimflow,none,Future,P3,deferred,deferred,deferred,stimflow,StimFlow ecosystem deferred beyond core beta,Future ecosystem compatibility plan
py-deferred-stimflow-src-stimflow-chunk-flow-util-test-py,glue/stimflow/src/stimflow/_chunk/_flow_util_test.py,py-test,stimflow,none,Future,P3,deferred,deferred,deferred,stimflow,StimFlow ecosystem deferred beyond core beta,Future ecosystem compatibility plan
py-deferred-stimflow-src-stimflow-chunk-patch-test-py,glue/stimflow/src/stimflow/_chunk/_patch_test.py,py-test,stimflow,none,Future,P3,deferred,deferred,deferred,stimflow,StimFlow ecosystem deferred beyond core beta,Future ecosystem compatibility plan
py-deferred-stimflow-src-stimflow-chunk-stabilizer-code-test-py,glue/stimflow/src/stimflow/_chunk/_stabilizer_code_test.py,py-test,stimflow,none,Future,P3,deferred,deferred,deferred,stimflow,StimFlow ecosystem deferred beyond core beta,Future ecosystem compatibility plan
py-deferred-stimflow-src-stimflow-chunk-weave-test-py,glue/stimflow/src/stimflow/_chunk/_weave_test.py,py-test,stimflow,none,Future,P3,deferred,deferred,deferred,stimflow,StimFlow ecosystem deferred beyond core beta,Future ecosystem compatibility plan
py-deferred-stimflow-src-stimflow-core-circuit-util-test-py,glue/stimflow/src/stimflow/_core/_circuit_util_test.py,py-test,stimflow,none,Future,P3,deferred,deferred,deferred,stimflow,StimFlow ecosystem deferred beyond core beta,Future ecosystem compatibility plan
py-deferred-stimflow-src-stimflow-core-complex-util-test-py,glue/stimflow/src/stimflow/_core/_complex_util_test.py,py-test,stimflow,none,Future,P3,deferred,deferred,deferred,stimflow,StimFlow ecosystem deferred beyond core beta,Future ecosystem compatibility plan
py-deferred-stimflow-src-stimflow-core-noise-test-py,glue/stimflow/src/stimflow/_core/_noise_test.py,py-test,stimflow,none,Future,P3,deferred,deferred,deferred,stimflow,StimFlow ecosystem deferred beyond core beta,Future ecosystem compatibility plan
py-deferred-stimflow-src-stimflow-core-pauli-map-test-py,glue/stimflow/src/stimflow/_core/_pauli_map_test.py,py-test,stimflow,none,Future,P3,deferred,deferred,deferred,stimflow,StimFlow ecosystem deferred beyond core beta,Future ecosystem compatibility plan
py-deferred-stimflow-src-stimflow-core-tile-test-py,glue/stimflow/src/stimflow/_core/_tile_test.py,py-test,stimflow,none,Future,P3,deferred,deferred,deferred,stimflow,StimFlow ecosystem deferred beyond core beta,Future ecosystem compatibility plan
py-deferred-stimflow-src-stimflow-layers-data-test-py,glue/stimflow/src/stimflow/_layers/_data_test.py,py-test,stimflow,none,Future,P3,deferred,deferred,deferred,stimflow,StimFlow ecosystem deferred beyond core beta,Future ecosystem compatibility plan
py-deferred-stimflow-src-stimflow-layers-layer-circuit-test-py,glue/stimflow/src/stimflow/_layers/_layer_circuit_test.py,py-test,stimflow,none,Future,P3,deferred,deferred,deferred,stimflow,StimFlow ecosystem deferred beyond core beta,Future ecosystem compatibility plan
py-deferred-stimflow-src-stimflow-layers-layer-feedback-test-py,glue/stimflow/src/stimflow/_layers/_layer_feedback_test.py,py-test,stimflow,none,Future,P3,deferred,deferred,deferred,stimflow,StimFlow ecosystem deferred beyond core beta,Future ecosystem compatibility plan
py-deferred-stimflow-src-stimflow-layers-layer-interact-swap-test-py,glue/stimflow/src/stimflow/_layers/_layer_interact_swap_test.py,py-test,stimflow,none,Future,P3,deferred,deferred,deferred,stimflow,StimFlow ecosystem deferred beyond core beta,Future ecosystem compatibility plan
py-deferred-stimflow-src-stimflow-layers-layer-rotation-test-py,glue/stimflow/src/stimflow/_layers/_layer_rotation_test.py,py-test,stimflow,none,Future,P3,deferred,deferred,deferred,stimflow,StimFlow ecosystem deferred beyond core beta,Future ecosystem compatibility plan
py-deferred-stimflow-src-stimflow-layers-layer-tag-test-py,glue/stimflow/src/stimflow/_layers/_layer_tag_test.py,py-test,stimflow,none,Future,P3,deferred,deferred,deferred,stimflow,StimFlow ecosystem deferred beyond core beta,Future ecosystem compatibility plan
py-deferred-stimflow-src-stimflow-layers-transpile-test-py,glue/stimflow/src/stimflow/_layers/_transpile_test.py,py-test,stimflow,none,Future,P3,deferred,deferred,deferred,stimflow,StimFlow ecosystem deferred beyond core beta,Future ecosystem compatibility plan
py-deferred-stimflow-src-stimflow-viz-3d-model-test-py,glue/stimflow/src/stimflow/_viz/_3d_model_test.py,py-test,stimflow,none,Future,P3,deferred,deferred,deferred,stimflow,StimFlow ecosystem deferred beyond core beta,Future ecosystem compatibility plan
py-deferred-stimflow-src-stimflow-viz-viz-circuit-html-test-py,glue/stimflow/src/stimflow/_viz/_viz_circuit_html_test.py,py-test,stimflow,none,Future,P3,deferred,deferred,deferred,stimflow,StimFlow ecosystem deferred beyond core beta,Future ecosystem compatibility plan
py-deferred-stimflow-src-stimflow-viz-viz-patch-svg-test-py,glue/stimflow/src/stimflow/_viz/_viz_patch_svg_test.py,py-test,stimflow,none,Future,P3,deferred,deferred,deferred,stimflow,StimFlow ecosystem deferred beyond core beta,Future ecosystem compatibility plan
py-deferred-zx-stimzx-external-stabilizer-test-py,glue/zx/stimzx/_external_stabilizer_test.py,py-test,zx,none,Future,P3,deferred,deferred,deferred,zx,ZX ecosystem deferred beyond core beta,Future ecosystem compatibility plan
py-deferred-zx-stimzx-text-diagram-parsing-test-py,glue/zx/stimzx/_text_diagram_parsing_test.py,py-test,zx,none,Future,P3,deferred,deferred,deferred,zx,ZX ecosystem deferred beyond core beta,Future ecosystem compatibility plan
cirq-integration,glue/cirq/stimcirq/_stim_to_cirq_test.py,py-test,cirq,none,Future,P3,deferred,deferred,deferred,cirq,Cirq integration deferred beyond core beta,Future Cirq integration plan
sinter-integration,glue/sample/src/sinter/_command/_main_collect_test.py,py-test,sinter,none,Future,P3,deferred,deferred,deferred,sinter,Sinter ecosystem deferred beyond core beta,Future Sinter integration plan
stimflow-integration,glue/stimflow/src/stimflow/_core/_flow_test.py,py-test,stimflow,none,Future,P3,deferred,deferred,deferred,stimflow,StimFlow ecosystem deferred beyond core beta,Future StimFlow integration plan
zx-integration,glue/zx/stimzx/_zx_graph_solver_test.py,py-test,zx,none,Future,P3,deferred,deferred,deferred,zx,ZX ecosystem deferred beyond core beta,Future ZX integration plan
lattice-surgery-integration,glue/lattice_surgery/stimzx/_zx_graph_solver_test.py,py-test,lattice-surgery,none,Future,P3,deferred,deferred,deferred,lattice_surgery,Lattice surgery ecosystem deferred beyond core beta,Future lattice surgery plan
js-circuit,glue/javascript/circuit.test.js,js-test,js-wasm,none,Future,P3,deferred,deferred,deferred,js_wasm,JS and WASM bindings deferred beyond Rust API stabilization,Future JS WASM plan
js-pauli-string,glue/javascript/pauli_string.test.js,js-test,js-wasm,none,Future,P3,deferred,deferred,deferred,js_wasm,JS and WASM bindings deferred beyond Rust API stabilization,Future JS WASM plan
js-tableau,glue/javascript/tableau.test.js,js-test,js-wasm,none,Future,P3,deferred,deferred,deferred,js_wasm,JS and WASM bindings deferred beyond Rust API stabilization,Future JS WASM plan
js-tableau-simulator,glue/javascript/tableau_simulator.test.js,js-test,js-wasm,none,Future,P3,deferred,deferred,deferred,js_wasm,JS and WASM bindings deferred beyond Rust API stabilization,Future JS WASM plan
crumble-circuit,glue/crumble/circuit/circuit.test.js,js-test,crumble,none,Future,P3,deferred,deferred,deferred,crumble,Crumble browser app deferred beyond JS WASM,Future Crumble compatibility plan
js-deferred-crumble-base-describe-test-js,glue/crumble/base/describe.test.js,js-test,crumble,none,Future,P3,deferred,deferred,deferred,crumble,Crumble browser app deferred beyond JS WASM,Future Crumble compatibility plan
js-deferred-crumble-base-equate-test-js,glue/crumble/base/equate.test.js,js-test,crumble,none,Future,P3,deferred,deferred,deferred,crumble,Crumble browser app deferred beyond JS WASM,Future Crumble compatibility plan
js-deferred-crumble-base-obs-test-js,glue/crumble/base/obs.test.js,js-test,crumble,none,Future,P3,deferred,deferred,deferred,crumble,Crumble browser app deferred beyond JS WASM,Future Crumble compatibility plan
js-deferred-crumble-base-revision-test-js,glue/crumble/base/revision.test.js,js-test,crumble,none,Future,P3,deferred,deferred,deferred,crumble,Crumble browser app deferred beyond JS WASM,Future Crumble compatibility plan
js-deferred-crumble-base-seq-test-js,glue/crumble/base/seq.test.js,js-test,crumble,none,Future,P3,deferred,deferred,deferred,crumble,Crumble browser app deferred beyond JS WASM,Future Crumble compatibility plan
js-deferred-crumble-circuit-layer-test-js,glue/crumble/circuit/layer.test.js,js-test,crumble,none,Future,P3,deferred,deferred,deferred,crumble,Crumble browser app deferred beyond JS WASM,Future Crumble compatibility plan
js-deferred-crumble-circuit-pauli-frame-test-js,glue/crumble/circuit/pauli_frame.test.js,js-test,crumble,none,Future,P3,deferred,deferred,deferred,crumble,Crumble browser app deferred beyond JS WASM,Future Crumble compatibility plan
js-deferred-crumble-circuit-propagated-pauli-frames-test-js,glue/crumble/circuit/propagated_pauli_frames.test.js,js-test,crumble,none,Future,P3,deferred,deferred,deferred,crumble,Crumble browser app deferred beyond JS WASM,Future Crumble compatibility plan
js-deferred-crumble-draw-main-draw-test-js,glue/crumble/draw/main_draw.test.js,js-test,crumble,none,Future,P3,deferred,deferred,deferred,crumble,Crumble browser app deferred beyond JS WASM,Future Crumble compatibility plan
js-deferred-crumble-editor-editor-state-test-js,glue/crumble/editor/editor_state.test.js,js-test,crumble,none,Future,P3,deferred,deferred,deferred,crumble,Crumble browser app deferred beyond JS WASM,Future Crumble compatibility plan
js-deferred-crumble-gates-gateset-test-js,glue/crumble/gates/gateset.test.js,js-test,crumble,none,Future,P3,deferred,deferred,deferred,crumble,Crumble browser app deferred beyond JS WASM,Future Crumble compatibility plan
js-deferred-crumble-keyboard-chord-test-js,glue/crumble/keyboard/chord.test.js,js-test,crumble,none,Future,P3,deferred,deferred,deferred,crumble,Crumble browser app deferred beyond JS WASM,Future Crumble compatibility plan
js-deferred-crumble-test-generated-gate-name-list-test-js,glue/crumble/test/generated_gate_name_list.test.js,js-test,crumble,none,Future,P3,deferred,deferred,deferred,crumble,Crumble browser app deferred beyond JS WASM,Future Crumble compatibility plan
js-deferred-crumble-test-test-util-test-js,glue/crumble/test/test_util.test.js,js-test,crumble,none,Future,P3,deferred,deferred,deferred,crumble,Crumble browser app deferred beyond JS WASM,Future Crumble compatibility plan
snapshot-deferred-anticommuting-detslice-svg,testdata/anticommuting_detslice.svg,snapshot,diagrams,none,Future,P3,deferred,deferred,deferred,diagrams,Visual snapshot assets deferred until diagram support,Future diagram snapshot plan
snapshot-deferred-bezier-time-slice-svg,testdata/bezier_time_slice.svg,snapshot,diagrams,none,Future,P3,deferred,deferred,deferred,diagrams,Visual snapshot assets deferred until diagram support,Future diagram snapshot plan
snapshot-deferred-circuit-all-ops-3d-gltf,testdata/circuit_all_ops_3d.gltf,snapshot,diagrams,none,Future,P3,deferred,deferred,deferred,diagrams,Visual snapshot assets deferred until diagram support,Future diagram snapshot plan
snapshot-deferred-circuit-all-ops-detslice-svg,testdata/circuit_all_ops_detslice.svg,snapshot,diagrams,none,Future,P3,deferred,deferred,deferred,diagrams,Visual snapshot assets deferred until diagram support,Future diagram snapshot plan
snapshot-deferred-circuit-all-ops-timeline-svg,testdata/circuit_all_ops_timeline.svg,snapshot,diagrams,none,Future,P3,deferred,deferred,deferred,diagrams,Visual snapshot assets deferred until diagram support,Future diagram snapshot plan
snapshot-deferred-circuit-all-ops-timeslice-svg,testdata/circuit_all_ops_timeslice.svg,snapshot,diagrams,none,Future,P3,deferred,deferred,deferred,diagrams,Visual snapshot assets deferred until diagram support,Future diagram snapshot plan
snapshot-deferred-circuit-diagram-timeline-svg-chained-loops-svg,testdata/circuit_diagram_timeline_svg_chained_loops.svg,snapshot,diagrams,none,Future,P3,deferred,deferred,deferred,diagrams,Visual snapshot assets deferred until diagram support,Future diagram snapshot plan
snapshot-deferred-classical-feedback-gltf,testdata/classical_feedback.gltf,snapshot,diagrams,none,Future,P3,deferred,deferred,deferred,diagrams,Visual snapshot assets deferred until diagram support,Future diagram snapshot plan
snapshot-deferred-classical-feedback-svg,testdata/classical_feedback.svg,snapshot,diagrams,none,Future,P3,deferred,deferred,deferred,diagrams,Visual snapshot assets deferred until diagram support,Future diagram snapshot plan
snapshot-deferred-colinear-detector-slice-svg,testdata/colinear_detector_slice.svg,snapshot,diagrams,none,Future,P3,deferred,deferred,deferred,diagrams,Visual snapshot assets deferred until diagram support,Future diagram snapshot plan
snapshot-deferred-collapsing-gltf,testdata/collapsing.gltf,snapshot,diagrams,none,Future,P3,deferred,deferred,deferred,diagrams,Visual snapshot assets deferred until diagram support,Future diagram snapshot plan
snapshot-deferred-collapsing-svg,testdata/collapsing.svg,snapshot,diagrams,none,Future,P3,deferred,deferred,deferred,diagrams,Visual snapshot assets deferred until diagram support,Future diagram snapshot plan
snapshot-deferred-command-diagram-timeline-svg,testdata/command_diagram_timeline.svg,snapshot,diagrams,none,Future,P3,deferred,deferred,deferred,diagrams,Visual snapshot assets deferred until diagram support,Future diagram snapshot plan
snapshot-deferred-command-diagram-timeline-tick0-svg,testdata/command_diagram_timeline_tick0.svg,snapshot,diagrams,none,Future,P3,deferred,deferred,deferred,diagrams,Visual snapshot assets deferred until diagram support,Future diagram snapshot plan
snapshot-deferred-command-diagram-timeline-tick1-svg,testdata/command_diagram_timeline_tick1.svg,snapshot,diagrams,none,Future,P3,deferred,deferred,deferred,diagrams,Visual snapshot assets deferred until diagram support,Future diagram snapshot plan
snapshot-deferred-command-diagram-timeline-tick1-3-svg,testdata/command_diagram_timeline_tick1_3.svg,snapshot,diagrams,none,Future,P3,deferred,deferred,deferred,diagrams,Visual snapshot assets deferred until diagram support,Future diagram snapshot plan
snapshot-deferred-command-diagram-timeline-tick2-svg,testdata/command_diagram_timeline_tick2.svg,snapshot,diagrams,none,Future,P3,deferred,deferred,deferred,diagrams,Visual snapshot assets deferred until diagram support,Future diagram snapshot plan
snapshot-deferred-detector-pseudo-targets-gltf,testdata/detector_pseudo_targets.gltf,snapshot,diagrams,none,Future,P3,deferred,deferred,deferred,diagrams,Visual snapshot assets deferred until diagram support,Future diagram snapshot plan
snapshot-deferred-detector-pseudo-targets-svg,testdata/detector_pseudo_targets.svg,snapshot,diagrams,none,Future,P3,deferred,deferred,deferred,diagrams,Visual snapshot assets deferred until diagram support,Future diagram snapshot plan
snapshot-deferred-detslice-with-ops-surface-code-svg,testdata/detslice-with-ops_surface_code.svg,snapshot,diagrams,none,Future,P3,deferred,deferred,deferred,diagrams,Visual snapshot assets deferred until diagram support,Future diagram snapshot plan
snapshot-deferred-empty-match-graph-gltf,testdata/empty_match_graph.gltf,snapshot,diagrams,none,Future,P3,deferred,deferred,deferred,diagrams,Visual snapshot assets deferred until diagram support,Future diagram snapshot plan
snapshot-deferred-lattice-surgery-cnot-gltf,testdata/lattice_surgery_cnot.gltf,snapshot,diagrams,none,Future,P3,deferred,deferred,deferred,diagrams,Visual snapshot assets deferred until diagram support,Future diagram snapshot plan
snapshot-deferred-lattice-surgery-cnot-svg,testdata/lattice_surgery_cnot.svg,snapshot,diagrams,none,Future,P3,deferred,deferred,deferred,diagrams,Visual snapshot assets deferred until diagram support,Future diagram snapshot plan
snapshot-deferred-long-range-detector-svg,testdata/long_range_detector.svg,snapshot,diagrams,none,Future,P3,deferred,deferred,deferred,diagrams,Visual snapshot assets deferred until diagram support,Future diagram snapshot plan
snapshot-deferred-match-graph-no-coords-gltf,testdata/match_graph_no_coords.gltf,snapshot,diagrams,none,Future,P3,deferred,deferred,deferred,diagrams,Visual snapshot assets deferred until diagram support,Future diagram snapshot plan
snapshot-deferred-match-graph-no-coords-svg,testdata/match_graph_no_coords.svg,snapshot,diagrams,none,Future,P3,deferred,deferred,deferred,diagrams,Visual snapshot assets deferred until diagram support,Future diagram snapshot plan
snapshot-deferred-match-graph-repetition-code-gltf,testdata/match_graph_repetition_code.gltf,snapshot,diagrams,none,Future,P3,deferred,deferred,deferred,diagrams,Visual snapshot assets deferred until diagram support,Future diagram snapshot plan
snapshot-deferred-match-graph-repetition-code-svg,testdata/match_graph_repetition_code.svg,snapshot,diagrams,none,Future,P3,deferred,deferred,deferred,diagrams,Visual snapshot assets deferred until diagram support,Future diagram snapshot plan
snapshot-deferred-match-graph-surface-code-gltf,testdata/match_graph_surface_code.gltf,snapshot,diagrams,none,Future,P3,deferred,deferred,deferred,diagrams,Visual snapshot assets deferred until diagram support,Future diagram snapshot plan
snapshot-deferred-match-graph-surface-code-svg,testdata/match_graph_surface_code.svg,snapshot,diagrams,none,Future,P3,deferred,deferred,deferred,diagrams,Visual snapshot assets deferred until diagram support,Future diagram snapshot plan
snapshot-deferred-measurement-looping-gltf,testdata/measurement_looping.gltf,snapshot,diagrams,none,Future,P3,deferred,deferred,deferred,diagrams,Visual snapshot assets deferred until diagram support,Future diagram snapshot plan
snapshot-deferred-measurement-looping-svg,testdata/measurement_looping.svg,snapshot,diagrams,none,Future,P3,deferred,deferred,deferred,diagrams,Visual snapshot assets deferred until diagram support,Future diagram snapshot plan
snapshot-deferred-noise-gates-1-gltf,testdata/noise_gates_1.gltf,snapshot,diagrams,none,Future,P3,deferred,deferred,deferred,diagrams,Visual snapshot assets deferred until diagram support,Future diagram snapshot plan
snapshot-deferred-noise-gates-1-svg,testdata/noise_gates_1.svg,snapshot,diagrams,none,Future,P3,deferred,deferred,deferred,diagrams,Visual snapshot assets deferred until diagram support,Future diagram snapshot plan
snapshot-deferred-noise-gates-2-gltf,testdata/noise_gates_2.gltf,snapshot,diagrams,none,Future,P3,deferred,deferred,deferred,diagrams,Visual snapshot assets deferred until diagram support,Future diagram snapshot plan
snapshot-deferred-noise-gates-2-svg,testdata/noise_gates_2.svg,snapshot,diagrams,none,Future,P3,deferred,deferred,deferred,diagrams,Visual snapshot assets deferred until diagram support,Future diagram snapshot plan
snapshot-deferred-noise-gates-3-gltf,testdata/noise_gates_3.gltf,snapshot,diagrams,none,Future,P3,deferred,deferred,deferred,diagrams,Visual snapshot assets deferred until diagram support,Future diagram snapshot plan
snapshot-deferred-noise-gates-3-svg,testdata/noise_gates_3.svg,snapshot,diagrams,none,Future,P3,deferred,deferred,deferred,diagrams,Visual snapshot assets deferred until diagram support,Future diagram snapshot plan
snapshot-deferred-observable-slices-svg,testdata/observable_slices.svg,snapshot,diagrams,none,Future,P3,deferred,deferred,deferred,diagrams,Visual snapshot assets deferred until diagram support,Future diagram snapshot plan
snapshot-deferred-repeat-gltf,testdata/repeat.gltf,snapshot,diagrams,none,Future,P3,deferred,deferred,deferred,diagrams,Visual snapshot assets deferred until diagram support,Future diagram snapshot plan
snapshot-deferred-repeat-svg,testdata/repeat.svg,snapshot,diagrams,none,Future,P3,deferred,deferred,deferred,diagrams,Visual snapshot assets deferred until diagram support,Future diagram snapshot plan
snapshot-deferred-repetition-code-gltf,testdata/repetition_code.gltf,snapshot,diagrams,none,Future,P3,deferred,deferred,deferred,diagrams,Visual snapshot assets deferred until diagram support,Future diagram snapshot plan
snapshot-deferred-repetition-code-svg,testdata/repetition_code.svg,snapshot,diagrams,none,Future,P3,deferred,deferred,deferred,diagrams,Visual snapshot assets deferred until diagram support,Future diagram snapshot plan
snapshot-deferred-rotated-memory-z-detector-slice-svg,testdata/rotated_memory_z_detector_slice.svg,snapshot,diagrams,none,Future,P3,deferred,deferred,deferred,diagrams,Visual snapshot assets deferred until diagram support,Future diagram snapshot plan
snapshot-deferred-shifted-coords-svg,testdata/shifted_coords.svg,snapshot,diagrams,none,Future,P3,deferred,deferred,deferred,diagrams,Visual snapshot assets deferred until diagram support,Future diagram snapshot plan
snapshot-deferred-single-qubits-gates-gltf,testdata/single_qubits_gates.gltf,snapshot,diagrams,none,Future,P3,deferred,deferred,deferred,diagrams,Visual snapshot assets deferred until diagram support,Future diagram snapshot plan
snapshot-deferred-single-qubits-gates-svg,testdata/single_qubits_gates.svg,snapshot,diagrams,none,Future,P3,deferred,deferred,deferred,diagrams,Visual snapshot assets deferred until diagram support,Future diagram snapshot plan
snapshot-deferred-surface-code-gltf,testdata/surface_code.gltf,snapshot,diagrams,none,Future,P3,deferred,deferred,deferred,diagrams,Visual snapshot assets deferred until diagram support,Future diagram snapshot plan
snapshot-deferred-surface-code-svg,testdata/surface_code.svg,snapshot,diagrams,none,Future,P3,deferred,deferred,deferred,diagrams,Visual snapshot assets deferred until diagram support,Future diagram snapshot plan
snapshot-deferred-surface-code-full-time-detector-slice-svg,testdata/surface_code_full_time_detector_slice.svg,snapshot,diagrams,none,Future,P3,deferred,deferred,deferred,diagrams,Visual snapshot assets deferred until diagram support,Future diagram snapshot plan
snapshot-deferred-surface-code-time-detector-slice-svg,testdata/surface_code_time_detector_slice.svg,snapshot,diagrams,none,Future,P3,deferred,deferred,deferred,diagrams,Visual snapshot assets deferred until diagram support,Future diagram snapshot plan
snapshot-deferred-surface-code-time-slice-svg,testdata/surface_code_time_slice.svg,snapshot,diagrams,none,Future,P3,deferred,deferred,deferred,diagrams,Visual snapshot assets deferred until diagram support,Future diagram snapshot plan
snapshot-deferred-svg-ids-svg,testdata/svg_ids.svg,snapshot,diagrams,none,Future,P3,deferred,deferred,deferred,diagrams,Visual snapshot assets deferred until diagram support,Future diagram snapshot plan
snapshot-deferred-test-circuit-all-ops-gltf,testdata/test_circuit_all_ops.gltf,snapshot,diagrams,none,Future,P3,deferred,deferred,deferred,diagrams,Visual snapshot assets deferred until diagram support,Future diagram snapshot plan
snapshot-deferred-tick-gltf,testdata/tick.gltf,snapshot,diagrams,none,Future,P3,deferred,deferred,deferred,diagrams,Visual snapshot assets deferred until diagram support,Future diagram snapshot plan
snapshot-deferred-tick-svg,testdata/tick.svg,snapshot,diagrams,none,Future,P3,deferred,deferred,deferred,diagrams,Visual snapshot assets deferred until diagram support,Future diagram snapshot plan
snapshot-deferred-two-qubits-gates-gltf,testdata/two_qubits_gates.gltf,snapshot,diagrams,none,Future,P3,deferred,deferred,deferred,diagrams,Visual snapshot assets deferred until diagram support,Future diagram snapshot plan
snapshot-deferred-two-qubits-gates-svg,testdata/two_qubits_gates.svg,snapshot,diagrams,none,Future,P3,deferred,deferred,deferred,diagrams,Visual snapshot assets deferred until diagram support,Future diagram snapshot plan
future-python-bindings,future/python-bindings,future,python,none,Future,P3,deferred,deferred,deferred,python,Python bindings deferred until Rust CLI and API stabilize,Future Python binding plan
future-repl,future/repl,future,repl,none,Future,P3,deferred,deferred,deferred,repl,REPL is outside initial core CLI order,Future interactive CLI plan
future-gpu,future/gpu,future,gpu,none,Future,P3,deferred,deferred,deferred,gpu,GPU acceleration requires later profiling proof,Future GPU spike plan
bench-circuit,src/stim/circuit/circuit.perf.cc,perf,stim-format,stab-bench,M4,Bench,performance,benchmark,planned,,,M4 parse and print throughput benchmark
bench-gates,src/stim/gates/gates.perf.cc,perf,gate-table,stab-bench,M4,Bench,performance,benchmark,planned,,,M4 gate lookup benchmark
bench-measure-reader,src/stim/io/measure_record_reader.perf.cc,perf,result-format,stab-bench,M8,Bench,performance,benchmark,planned,,,M8 result reader throughput benchmark
bench-main,src/stim/main.perf.cc,perf,cli-entry,stab-bench,M7,Bench,performance,benchmark,planned,,,M7 CLI startup benchmark
bench-main-namespaced,src/stim/main_namespaced.perf.cc,perf,cli-entry,stab-bench,M7,Bench,performance,benchmark,planned,,,M7 namespaced CLI dispatch benchmark
bench-simd-bit-table,src/stim/mem/simd_bit_table.perf.cc,perf,bit-kernel,stab-bench,M5,Bench,performance,benchmark,planned,,,M5 bit table workload benchmark
bench-simd-bits,src/stim/mem/simd_bits.perf.cc,perf,bit-kernel,stab-bench,M5,Bench,performance,benchmark,planned,,,M5 bit vector workload benchmark
bench-simd-word,src/stim/mem/simd_word.perf.cc,perf,bit-kernel,stab-bench,M5,Bench,performance,benchmark,planned,,,M5 bit word workload benchmark
bench-sparse-xor-vec,src/stim/mem/sparse_xor_vec.perf.cc,perf,bit-kernel,stab-bench,M5,Bench,performance,benchmark,planned,,,M5 sparse XOR workload benchmark
bench-graphlike-algo,src/stim/search/graphlike/algo.perf.cc,perf,dem-analysis,stab-bench,M10,Bench,performance,benchmark,planned,,,M10 graphlike search benchmark
bench-dem-sampler,src/stim/simulators/dem_sampler.perf.cc,perf,sampler,stab-bench,M11,Bench,performance,benchmark,planned,,,M11 DEM sampler throughput benchmark
bench-error-analyzer,src/stim/simulators/error_analyzer.perf.cc,perf,dem-analysis,stab-bench,M10,Bench,performance,benchmark,planned,,,M10 error analyzer throughput benchmark
bench-frame-simulator,src/stim/simulators/frame_simulator.perf.cc,perf,sampler,stab-bench,M8,Bench,performance,benchmark,planned,,,M8 frame simulator throughput benchmark
bench-tableau-simulator,src/stim/simulators/tableau_simulator.perf.cc,perf,sampler,stab-bench,M8,Bench,performance,benchmark,planned,,,M8 tableau simulator throughput benchmark
bench-clifford-string,src/stim/stabilizers/clifford_string.perf.cc,perf,pauli-string,stab-bench,M6,Bench,performance,benchmark,planned,,,M6 Clifford string benchmark
bench-pauli-string,src/stim/stabilizers/pauli_string.perf.cc,perf,pauli-string,stab-bench,M6,Bench,performance,benchmark,planned,,,M6 Pauli string benchmark
bench-pauli-string-iter,src/stim/stabilizers/pauli_string_iter.perf.cc,perf,pauli-string,stab-bench,M6,Bench,performance,benchmark,planned,,,M6 Pauli iterator benchmark
bench-tableau,src/stim/stabilizers/tableau.perf.cc,perf,tableau,stab-bench,M6,Bench,performance,benchmark,planned,,,M6 tableau benchmark
bench-tableau-iter,src/stim/stabilizers/tableau_iter.perf.cc,perf,tableau,stab-bench,M6,Bench,performance,benchmark,planned,,,M6 tableau iterator benchmark
bench-error-decomp,src/stim/util_bot/error_decomp.perf.cc,perf,dem-analysis,stab-bench,M10,Bench,performance,benchmark,planned,,,M10 error decomposition benchmark
bench-probability-util,src/stim/util_bot/probability_util.perf.cc,perf,sampler,stab-bench,M8,Bench,performance,benchmark,planned,,,M8 biased random probability utility benchmark
bench-reference-sample-tree,src/stim/util_top/reference_sample_tree.perf.cc,perf,sampler,stab-bench,M8,Bench,performance,benchmark,planned,,,M8 reference sample tree benchmark
bench-stabilizers-to-tableau,src/stim/util_top/stabilizers_to_tableau.perf.cc,perf,tableau,stab-bench,M6,Bench,performance,benchmark,planned,,,M6 stabilizers to tableau benchmark
m12-oracle-m4,future/oracle-m4,future,stim-format,stab-oracle,M12,P1,structural,oracle,planned,,,M12 reruns M4 oracle matrix rows before performance hardening
m12-oracle-m5,future/oracle-m5,future,bit-kernel,stab-oracle,M12,P1,property,direct-rust,planned,,,M12 reruns M5 bit kernel tests before performance hardening
m12-oracle-m6,future/oracle-m6,future,tableau,stab-oracle,M12,P1,property,direct-rust,planned,,,M12 reruns M6 stabilizer and tableau tests before performance hardening
m12-oracle-m7,future/oracle-m7,future,circuit-generation,stab-oracle,M12,P1,exact-output,oracle,planned,,,M12 reruns M7 generator and CLI rows before performance hardening
m12-oracle-m8,future/oracle-m8,future,sampler,stab-oracle,M12,P1,exact-output-and-statistical,oracle,planned,,,M12 reruns M8 sampler rows before performance hardening
m12-oracle-m9,future/oracle-m9,future,detector-conversion,stab-oracle,M12,P1,exact-output,oracle,planned,,,M12 reruns M9 detector conversion rows before performance hardening
m12-oracle-m10,future/oracle-m10,future,dem-analysis,stab-oracle,M12,P1,structural,oracle,planned,,,M12 reruns M10 DEM analyzer rows before performance hardening
m12-oracle-m11,future/oracle-m11,future,sampler,stab-oracle,M12,P1,exact-output-and-statistical,oracle,planned,,,M12 reruns M11 DEM sampler rows before performance hardening
m12-primary-performance-matrix,future/performance-primary-matrix,future,performance-hardening,stab-bench,M12,Bench,performance,benchmark,planned,,,M12 compares every Bench row plus M4 through M11 oracle suites
