id,milestone,upstream_source,parity_mode,comparator,command_shape,argv,stdin_path,expected_stdout_path,expected_status,expected_stderr_class,status,statistical_plan,source_license_note
smoke-help,M0,src/stim/main_namespaced.test.cc,structural,help-health,stim --help,--help,,,0,any,implemented,help stdout is nonempty and stderr class matches,Hand-authored fixture from upstream CLI help behavior
m0-help-exact,M0,src/stim/main_namespaced.test.cc,exact-output,exact-output,stim --help exact,--help,,expected/m0_help.stdout,0,empty,red,,Expected output recorded from pinned Stim v1.16.0 CLI help
smoke-tiny-circuit,M0,src/stim.test.cc,exact-output,exact-output,stim sample deterministic,sample|--shots|2,inputs/smoke_tiny_measurement.stim,expected/smoke_tiny_measurement.stdout,0,empty,implemented,,Hand-authored input with expected output recorded from pinned Stim v1.16.0
m4-parser-basic,M4,src/stim/circuit/circuit.test.cc,structural,structural,stab-core parse print,core-parse-print,inputs/parser_basic.stim,,0,any,implemented,Parse print parse preserves circuit semantics and canonical printer matches Stim after CLI scope is clarified,Hand-authored input based on upstream circuit parser coverage
m4-convert-canonical-print,M4,src/stim/cmd/command_convert.test.cc,exact-output,exact-output,stab-core circuit parse print,core-circuit-parse-print,inputs/parser_basic.stim,expected/m4_parser_basic.stdout,0,any,implemented,,Hand-authored canonical printer output from pinned Stim v1.16.0 circuit parser behavior
m7-gen-legacy-repetition-code,M7,src/stim/cmd/command_gen.test.cc,exact-output,exact-output,stim legacy --gen repetition_code memory,--gen=repetition_code|--task|memory|--distance|3|--rounds|2,,expected/m7_gen_repetition_code.stdout,0,empty,implemented,,Hand-authored command with expected output recorded from pinned Stim v1.16.0
m7-gen-repetition-code,M7,src/stim/cmd/command_gen.test.cc,exact-output,exact-output,stim gen repetition_code memory,gen|--code|repetition_code|--task|memory|--distance|3|--rounds|2,,expected/m7_gen_repetition_code.stdout,0,empty,implemented,,Hand-authored command with expected output recorded from pinned Stim v1.16.0
m7-gen-surface-rotated-x,M7,src/stim/cmd/command_gen.test.cc,exact-output,exact-output,stim gen surface_code rotated_memory_x,gen|--code|surface_code|--task|rotated_memory_x|--distance|2|--rounds|1,,expected/m7_gen_surface_rotated_x.stdout,0,empty,implemented,,Hand-authored command with expected output recorded from pinned Stim v1.16.0
m7-gen-surface-rotated-z,M7,src/stim/cmd/command_gen.test.cc,exact-output,exact-output,stim gen surface_code rotated_memory_z,gen|--code|surface_code|--task|rotated_memory_z|--distance|2|--rounds|1,,expected/m7_gen_surface_rotated_z.stdout,0,empty,implemented,,Hand-authored command with expected output recorded from pinned Stim v1.16.0
m7-gen-surface-unrotated-x,M7,src/stim/cmd/command_gen.test.cc,exact-output,exact-output,stim gen surface_code unrotated_memory_x,gen|--code|surface_code|--task|unrotated_memory_x|--distance|2|--rounds|1,,expected/m7_gen_surface_unrotated_x.stdout,0,empty,implemented,,Hand-authored command with expected output recorded from pinned Stim v1.16.0
m7-gen-surface-unrotated-z,M7,src/stim/cmd/command_gen.test.cc,exact-output,exact-output,stim gen surface_code unrotated_memory_z,gen|--code|surface_code|--task|unrotated_memory_z|--distance|2|--rounds|1,,expected/m7_gen_surface_unrotated_z.stdout,0,empty,implemented,,Hand-authored command with expected output recorded from pinned Stim v1.16.0
m7-gen-color-code,M7,src/stim/cmd/command_gen.test.cc,exact-output,exact-output,stim gen color_code memory_xyz,gen|--code|color_code|--task|memory_xyz|--distance|3|--rounds|2,,expected/m7_gen_color_code.stdout,0,empty,implemented,,Hand-authored command with expected output recorded from pinned Stim v1.16.0
m7-convert-01-to-dets,M7,src/stim/cmd/command_convert.test.cc,exact-output,exact-output,stim convert 01 to dets,convert|--in_format=01|--out_format=dets|--num_detectors=2,inputs/convert_measurements.01,expected/m7_convert_01_to_dets.stdout,0,empty,implemented,,Hand-authored input with expected output recorded from pinned Stim v1.16.0
m8-sample-basic,M8,src/stim/cmd/command_sample.test.cc,exact-output-and-statistical,exact-output,stim sample deterministic,sample|--shots|2,inputs/sample_basic.stim,expected/m8_sample_basic.stdout,0,empty,implemented,,Hand-authored deterministic sampler input recorded from pinned Stim v1.16.0
m8-sample-legacy-flag,M8,src/stim/cmd/command_sample.test.cc,exact-output-and-statistical,exact-output,stim legacy --sample deterministic,--sample=2,inputs/sample_basic.stim,expected/m8_sample_basic.stdout,0,empty,implemented,,Hand-authored deterministic sampler input recorded from pinned Stim v1.16.0
m8-sample-b8-format,M8,src/stim/cmd/command_sample.test.cc,exact-output-and-statistical,exact-output,stim sample b8 output,sample|--shots|1|--out_format=b8,inputs/sample_sparse_text_formats.stim,expected/m8_sample_b8.stdout,0,empty,implemented,,Hand-authored deterministic sampler input recorded from pinned Stim v1.16.0
m8-sample-r8-format,M8,src/stim/io/stim_data_formats.cc,exact-output-and-statistical,exact-output,stim sample r8 output,sample|--shots|1|--out_format=r8,inputs/sample_sparse_text_formats.stim,expected/m8_sample_r8.stdout,0,empty,implemented,,Hand-authored deterministic sampler input recorded from pinned Stim v1.16.0 r8 format documentation
m8-sample-ptb64-format,M8,src/stim/io/stim_data_formats.cc,exact-output-and-statistical,exact-output,stim sample ptb64 output,sample|--shots|64|--out_format=ptb64,inputs/sample_sparse_text_formats.stim,expected/m8_sample_ptb64.stdout,0,empty,implemented,,Hand-authored deterministic sampler input recorded from pinned Stim v1.16.0 ptb64 format documentation
m8-sample-dets-format,M8,src/stim/cmd/command_sample.test.cc,exact-output-and-statistical,exact-output,stim sample dets output,sample|--shots|1|--out_format=dets,inputs/sample_sparse_text_formats.stim,expected/m8_sample_dets.stdout,0,empty,implemented,,Hand-authored deterministic sampler input recorded from pinned Stim v1.16.0
m8-sample-hits-format,M8,src/stim/cmd/command_sample.test.cc,exact-output-and-statistical,exact-output,stim sample hits output,sample|--shots|1|--out_format=hits,inputs/sample_sparse_text_formats.stim,expected/m8_sample_hits.stdout,0,empty,implemented,,Hand-authored deterministic sampler input recorded from pinned Stim v1.16.0
m8-sample-single-qubit-clifford,M8,src/stim/cmd/command_sample.test.cc,exact-output-and-statistical,exact-output,stim sample single-qubit Clifford deterministic,sample|--shots|3,inputs/sample_single_qubit_clifford.stim,expected/m8_sample_single_qubit_clifford.stdout,0,empty,implemented,,Hand-authored single-qubit Clifford fixture from pinned Stim v1.16.0 command_sample skip_reference_sample coverage
m8-sample-basis-measurement,M8,src/stim/cmd/command_sample.test.cc,exact-output-and-statistical,exact-output,stim sample X/Y basis measurements,sample|--shots|1,inputs/sample_basis_measurement.stim,expected/m8_sample_basis_measurement.stdout,0,empty,implemented,,Hand-authored deterministic X/Y-basis measurement and reset fixture based on pinned Stim v1.16.0 command_sample coverage
m8-sample-feedback,M8,src/stim/cmd/command_sample.test.cc,exact-output-and-statistical,exact-output,stim sample measurement-record feedback,sample|--shots|1,inputs/sample_feedback.stim,expected/m8_sample_feedback.stdout,0,empty,implemented,,Hand-authored deterministic measurement-record Pauli feedback fixture based on pinned Stim v1.16.0 command_sample coverage
m8-sample-heralded,M8,src/stim/simulators/frame_simulator.test.cc,exact-output-and-statistical,exact-output,stim sample heralded local noise,sample|--shots|1,inputs/sample_heralded.stim,expected/m8_sample_heralded.stdout,0,empty,implemented,,Hand-authored deterministic heralded local-noise fixture based on pinned Stim v1.16.0 frame and tableau simulator coverage
m8-sample-correlated-error,M8,src/stim/simulators/frame_simulator.test.cc,exact-output-and-statistical,exact-output,stim sample correlated error chain,sample|--shots|1,inputs/sample_correlated_error_deterministic.stim,expected/m8_sample_correlated_error.stdout,0,empty,implemented,,Hand-authored deterministic correlated-error chain fixture based on pinned Stim v1.16.0 frame and tableau simulator coverage
m8-sample-entangling-deterministic,M8,src/stim/simulators/tableau_simulator.test.cc,exact-output-and-statistical,exact-output,stim sample deterministic entangling Clifford,sample|--shots|1,inputs/sample_entangling_deterministic.stim,expected/m8_sample_entangling_deterministic.stdout,0,empty,implemented,,Hand-authored deterministic qubit-qubit CX fixture based on pinned Stim v1.16.0 tableau simulator coverage
m8-sample-mpp-deterministic,M8,src/stim/simulators/frame_simulator.test.cc,exact-output-and-statistical,exact-output,stim sample deterministic Pauli product measurements,sample|--shots|1,inputs/sample_mpp_deterministic.stim,expected/m8_sample_mpp_deterministic.stdout,0,empty,implemented,,Hand-authored deterministic MPP Bell-state fixture based on pinned Stim v1.16.0 frame and tableau simulator coverage
m8-sample-skip-reference,M8,src/stim/cmd/command_sample.test.cc,exact-output-and-statistical,exact-output,stim sample skip_reference_sample,sample|--shots|1|--skip_reference_sample,inputs/sample_single_qubit_clifford.stim,expected/m8_sample_skip_reference.stdout,0,empty,implemented,,Hand-authored skip_reference_sample fixture recorded from pinned Stim v1.16.0 command_sample coverage
m8-sample-skip-loop-folding,M8,src/stim/cmd/command_sample.cc,exact-output-and-statistical,exact-output,stim sample skip_loop_folding repeat,sample|--shots|1|--skip_loop_folding,inputs/sample_skip_loop_folding_repeat.stim,expected/m8_sample_skip_loop_folding_repeat.stdout,0,empty,implemented,,Hand-authored repeat-circuit skip_loop_folding fixture recorded from pinned Stim v1.16.0 command_sample flag documentation; optimized loop-folded reference construction remains deferred
m8-sample-h-random-statistical,M8,src/stim/cmd/command_sample.test.cc,statistical,statistical,stim sample H random,sample|--shots|1000|--seed|5,inputs/sample_h_random.stim,,0,empty,implemented,sample_count=1000; fixed_seed=5; tolerate binomial p=0.5 within 5 sigma; false_positive_rate<=0.001,Hand-authored single-qubit random measurement fixture from pinned Stim v1.16.0 seeded_sampling coverage
m8-sample-noisy-statistical,M8,src/stim/cmd/command_sample.test.cc,statistical,statistical,stim sample noisy,sample|--shots|1000|--seed|5,inputs/sample_noisy.stim,,0,empty,implemented,sample_count=1000; fixed_seed=5; tolerate binomial p=0.25 within 5 sigma; false_positive_rate<=0.001,Hand-authored noisy fixture for statistical comparator design
m8-sample-z-basis-noop-noise,M8,src/stim/cmd/command_sample.test.cc,exact-output-and-statistical,exact-output,stim sample z-basis noop noise,sample|--shots|4|--seed|5,inputs/sample_z_basis_noop_noise.stim,expected/m8_sample_z_basis_noop_noise.stdout,0,empty,implemented,,Hand-authored Z-basis no-op noise fixture based on pinned Stim v1.16.0 command_sample coverage
m8-sample-depolarize1-statistical,M8,src/stim/cmd/command_sample.test.cc,statistical,statistical,stim sample depolarize1,sample|--shots|1000|--seed|5,inputs/sample_depolarize1.stim,,0,empty,implemented,sample_count=1000; fixed_seed=5; tolerate binomial p=0.2 within 5 sigma; false_positive_rate<=0.001,Hand-authored single-qubit depolarizing fixture based on pinned Stim v1.16.0 command_sample coverage
m8-sample-pauli-channel1-statistical,M8,src/stim/cmd/command_sample.test.cc,statistical,statistical,stim sample pauli_channel_1,sample|--shots|1000|--seed|5,inputs/sample_pauli_channel1.stim,,0,empty,implemented,sample_count=1000; fixed_seed=5; tolerate binomial p=0.3 within 5 sigma; false_positive_rate<=0.001,Hand-authored single-qubit Pauli channel fixture based on pinned Stim v1.16.0 command_sample coverage
m8-sample-depolarize2-statistical,M8,src/stim/cmd/command_sample.test.cc,statistical,statistical,stim sample depolarize2,sample|--shots|1000|--seed|5,inputs/sample_depolarize2.stim,,0,empty,implemented,sample_count=1000; fixed_seed=5; tolerate binomial p=0.16 within 5 sigma; false_positive_rate<=0.001,Hand-authored two-qubit depolarizing fixture based on pinned Stim v1.16.0 command_sample coverage
m8-sample-pauli-channel2-statistical,M8,src/stim/cmd/command_sample.test.cc,statistical,statistical,stim sample pauli_channel_2,sample|--shots|4000|--seed|5,inputs/sample_pauli_channel2.stim,,0,empty,implemented,"sample_count=4000; fixed_seed=5; tolerate buckets 00=0.4,01=0.2,10=0.2,11=0.2 within 5 sigma; false_positive_rate<=0.001",Hand-authored two-qubit Pauli channel fixture based on pinned Stim v1.16.0 command_sample coverage
m8-sample-correlated-error-statistical,M8,src/stim/simulators/frame_simulator.test.cc,statistical,statistical,stim sample correlated error distribution,sample|--shots|4000|--seed|5,inputs/sample_correlated_error_statistical.stim,,0,empty,implemented,"sample_count=4000; fixed_seed=5; tolerate buckets 000=0.09375,001=0.28125,010=0.125,100=0.5 within 5 sigma; false_positive_rate<=0.001",Hand-authored correlated-error distribution fixture based on pinned Stim v1.16.0 frame and tableau simulator coverage
m8-sample-independent-pauli-errors-statistical,M8,src/stim/cmd/command_sample.test.cc,statistical,statistical,stim sample independent X Y Z errors,sample|--shots|8000|--seed|5,inputs/sample_independent_pauli_errors.stim,,0,empty,implemented,"sample_count=8000; fixed_seed=5; tolerate buckets 000=0.336,001=0.224,010=0.144,011=0.096,100=0.084,101=0.056,110=0.036,111=0.024 within 5 sigma; false_positive_rate<=0.001",Bucketed independent X/Y/Z error fixture based on pinned Stim v1.16.0 command_sample noise-distribution coverage
m8-sample-depolarize1-basis-variants-statistical,M8,src/stim/cmd/command_sample.test.cc,statistical,statistical,stim sample depolarize1 basis variants,sample|--shots|8000|--seed|5,inputs/sample_depolarize1_basis_variants.stim,,0,empty,implemented,"sample_count=8000; fixed_seed=5; tolerate buckets 00=0.64,01=0.16,10=0.16,11=0.04 within 5 sigma; false_positive_rate<=0.001",Bucketed depolarizing fixture covering X-basis and Z-basis measurement flips from pinned Stim v1.16.0 command_sample coverage
m8-sample-x-error-multi-target-statistical,M8,src/stim/cmd/command_sample.test.cc,statistical,statistical,stim sample x_error multi-target,sample|--shots|8000|--seed|5,inputs/sample_x_error_multi_target.stim,,0,empty,implemented,"sample_count=8000; fixed_seed=5; tolerate buckets 00=0.5625,01=0.1875,10=0.1875,11=0.0625 within 5 sigma; false_positive_rate<=0.001",Bucketed multi-target X_ERROR fixture based on pinned Stim v1.16.0 command_sample noise-distribution coverage
m8-sample-measurement-flip-statistical,M8,src/stim/cmd/command_sample.test.cc,statistical,statistical,stim sample measurement flip probabilities,sample|--shots|8000|--seed|5,inputs/sample_measurement_flip_probability.stim,,0,empty,implemented,"sample_count=8000; fixed_seed=5; tolerate buckets 00=0.375,01=0.375,10=0.125,11=0.125 within 5 sigma; false_positive_rate<=0.001",Bucketed measurement and MPP result-flip probability fixture based on pinned Stim v1.16.0 command_sample coverage
m9-detect-basic,M9,src/stim/cmd/command_detect.test.cc,exact-output,exact-output,stim detect deterministic,detect|--shots|3,inputs/detect_basic.stim,expected/m9_detect_basic.stdout,0,empty,implemented,Verified by cargo test -p stab-cli detect and oracle exact run,Hand-authored input with expected output recorded from pinned Stim v1.16.0
m9-m2d-basic,M9,src/stim/cmd/command_m2d.test.cc,exact-output,exact-output,stim m2d deterministic,m2d|--in_format=01|--out_format=dets|--circuit=oracle/fixtures/inputs/m2d_basic.stim,inputs/m2d_basic_measurements.01,expected/m9_m2d_basic.stdout,0,empty,implemented,Verified by cargo test -p stab-cli m2d and oracle exact run,Hand-authored input with expected output recorded from pinned Stim v1.16.0
m10-analyze-errors-basic,M10,src/stim/cmd/command_analyze_errors.test.cc,structural,exact-output,stim analyze_errors deterministic,analyze_errors,inputs/analyze_errors_basic.stim,expected/m10_analyze_errors_basic.stdout,0,empty,implemented,,Hand-authored input with expected output recorded from pinned Stim v1.16.0
m10-analyze-errors-exact-pauli-channel1,M10,src/stim/simulators/error_analyzer.test.cc,exact-output,exact-output,stim analyze_errors exact solved PAULI_CHANNEL_1,analyze_errors,inputs/analyze_errors_exact_pauli_channel1.stim,expected/m10_analyze_errors_exact_pauli_channel1.stdout,0,empty,implemented,,Ported from pinned Stim v1.16.0 ErrorAnalyzer exact_solved_pauli_channel_1_is_let_through case
m10-analyze-errors-approx-pauli-channel1,M10,src/stim/cmd/command_analyze_errors.test.cc,exact-output,exact-output,stim analyze_errors approximate disjoint PAULI_CHANNEL_1,analyze_errors|--approximate_disjoint_errors,inputs/analyze_errors_approx_pauli_channel1.stim,expected/m10_analyze_errors_approx_pauli_channel1.stdout,0,empty,implemented,,Ported from pinned Stim v1.16.0 command_analyze_errors approximate_disjoint_errors PAULI_CHANNEL_1 case
m10-analyze-errors-approx-pauli-channel1-threshold,M10,src/stim/cmd/command_analyze_errors.test.cc,exact-output,exact-output,stim analyze_errors approximate disjoint PAULI_CHANNEL_1 numeric threshold,analyze_errors|--approximate_disjoint_errors|0.5,inputs/analyze_errors_approx_pauli_channel1.stim,expected/m10_analyze_errors_approx_pauli_channel1.stdout,0,empty,implemented,,Ported from pinned Stim v1.16.0 command_analyze_errors numeric approximate_disjoint_errors threshold case
m10-analyze-errors-approx-pauli-channel2-threshold,M10,src/stim/simulators/error_analyzer.test.cc,exact-output,exact-output,stim analyze_errors approximate disjoint PAULI_CHANNEL_2 numeric threshold,analyze_errors|--approximate_disjoint_errors|0.38,inputs/analyze_errors_approx_pauli_channel2.stim,expected/m10_analyze_errors_approx_pauli_channel2.stdout,0,empty,implemented,,Ported from pinned Stim v1.16.0 ErrorAnalyzer pauli_channel_threshold PAULI_CHANNEL_2 case
m10-analyze-errors-depolarize1,M10,src/stim/simulators/error_analyzer.test.cc,exact-output,exact-output,stim analyze_errors DEPOLARIZE1,analyze_errors,inputs/analyze_errors_depolarize1.stim,expected/m10_analyze_errors_depolarize1.stdout,0,empty,implemented,,Ported from pinned Stim v1.16.0 ErrorAnalyzer circuit_to_detector_error_model DEPOLARIZE1 case
m10-analyze-errors-depolarize2,M10,src/stim/simulators/error_analyzer.test.cc,exact-output,exact-output,stim analyze_errors DEPOLARIZE2,analyze_errors,inputs/analyze_errors_depolarize2.stim,expected/m10_analyze_errors_depolarize2.stdout,0,empty,implemented,,Ported from pinned Stim v1.16.0 ErrorAnalyzer circuit_to_detector_error_model DEPOLARIZE2 case
m10-analyze-errors-measurement-flip,M10,src/stim/simulators/error_analyzer.test.cc,exact-output,exact-output,stim analyze_errors noisy measurement,analyze_errors,inputs/analyze_errors_measurement_flip.stim,expected/m10_analyze_errors_measurement_flip.stdout,0,empty,implemented,,Adapted from pinned Stim v1.16.0 ErrorAnalyzer noisy_measurement_mz case
m10-analyze-errors-reset-clears-error,M10,src/stim/simulators/error_analyzer.test.cc,exact-output,exact-output,stim analyze_errors reset clears pending error,analyze_errors,inputs/analyze_errors_reset_clears_error.stim,expected/m10_analyze_errors_reset_clears_error.stdout,0,empty,implemented,,Adapted from pinned Stim v1.16.0 reset behavior in ErrorAnalyzer circuit_to_detector_error_model cases
m10-analyze-errors-identity-noise,M10,src/stim/simulators/error_analyzer.test.cc,exact-output,exact-output,stim analyze_errors identity noise,analyze_errors,inputs/analyze_errors_identity_noise.stim,expected/m10_analyze_errors_identity_noise.stdout,0,empty,implemented,,Hand-authored identity-noise no-op fixture recorded from pinned Stim v1.16.0
m10-analyze-errors-h-propagates-pauli-error,M10,src/stim/simulators/error_analyzer.test.cc,exact-output,exact-output,stim analyze_errors H propagates Pauli error,analyze_errors,inputs/analyze_errors_h_propagates_pauli_error.stim,expected/m10_analyze_errors_h_propagates_pauli_error.stdout,0,empty,implemented,,Adapted from pinned Stim v1.16.0 ErrorAnalyzer circuit_to_detector_error_model Clifford propagation behavior with deterministic RX preparation
m10-analyze-errors-cnot-propagates-pauli-error,M10,src/stim/simulators/error_analyzer.test.cc,exact-output,exact-output,stim analyze_errors CNOT propagates Pauli error,analyze_errors,inputs/analyze_errors_cnot_propagates_pauli_error.stim,expected/m10_analyze_errors_cnot_propagates_pauli_error.stdout,0,empty,implemented,,Ported from pinned Stim v1.16.0 ErrorAnalyzer reversed_operation_order case
m10-analyze-errors-hxy-propagates-pauli-error,M10,src/stim/simulators/error_analyzer.test.cc,exact-output,exact-output,stim analyze_errors H_XY propagates Pauli error,analyze_errors,inputs/analyze_errors_hxy_propagates_pauli_error.stim,expected/m10_analyze_errors_hxy_propagates_pauli_error.stdout,0,empty,implemented,,Adapted from pinned Stim v1.16.0 ErrorAnalyzer Clifford propagation behavior with deterministic RY preparation
m10-analyze-errors-correlated-error,M10,src/stim/simulators/error_analyzer.test.cc,exact-output,exact-output,stim analyze_errors correlated error,analyze_errors,inputs/analyze_errors_correlated_error.stim,expected/m10_analyze_errors_correlated_error.stdout,0,empty,implemented,,Adapted from pinned Stim v1.16.0 ErrorAnalyzer correlated error cases
m10-analyze-errors-decompose-fallback,M10,src/stim/simulators/error_analyzer.test.cc,exact-output,exact-output,stim analyze_errors decompose_errors fallback,analyze_errors|--decompose_errors,inputs/analyze_errors_decompose_fallback.stim,expected/m10_analyze_errors_decompose_fallback.stdout,0,empty,implemented,,Ported from pinned Stim v1.16.0 ErrorAnalyzer other_error_decomposition_fallback case
m10-analyze-errors-decompose-known-components,M10,src/stim/simulators/error_analyzer.test.cc,exact-output,exact-output,stim analyze_errors decompose_errors known components,analyze_errors|--decompose_errors|--block_decompose_from_introducing_remnant_edges,inputs/analyze_errors_decompose_known_components.stim,expected/m10_analyze_errors_decompose_known_components.stdout,0,empty,implemented,,Adapted from pinned Stim v1.16.0 ErrorAnalyzer brute_force_decomp_simple case through CLI-visible decomposition behavior
m10-analyze-errors-allow-gauge-detectors,M10,src/stim/cmd/command_analyze_errors.test.cc,exact-output,exact-output,stim analyze_errors allow gauge detectors,analyze_errors|--allow_gauge_detectors,inputs/analyze_errors_allow_gauge_detectors.stim,expected/m10_analyze_errors_allow_gauge_detectors.stdout,0,empty,implemented,,Ported from pinned Stim v1.16.0 command_analyze_errors allow_gauge_detectors case
m10-analyze-errors-allow-gauge-detectors-hxy,M10,src/stim/simulators/error_analyzer.test.cc,exact-output,exact-output,stim analyze_errors allow gauge detectors H_XY basis change,analyze_errors|--allow_gauge_detectors,inputs/analyze_errors_allow_gauge_detectors_hxy.stim,expected/m10_analyze_errors_allow_gauge_detectors_hxy.stdout,0,empty,implemented,,Ported from pinned Stim v1.16.0 ErrorAnalyzer gauge_detectors H_XY case
m10-analyze-errors-else-correlated-error,M10,src/stim/simulators/error_analyzer.test.cc,exact-output,exact-output,stim analyze_errors else correlated error,analyze_errors|--approximate_disjoint_errors,inputs/analyze_errors_else_correlated_error.stim,expected/m10_analyze_errors_else_correlated_error.stdout,0,empty,implemented,,Ported from pinned Stim v1.16.0 ErrorAnalyzer else_correlated_error_block case using bare CLI approximation threshold
m10-analyze-errors-fold-repeat,M10,src/stim/cmd/command_analyze_errors.test.cc,exact-output,exact-output,stim analyze_errors fold_loops repeat,analyze_errors|--fold_loops,inputs/analyze_errors_fold_repeat.stim,expected/m10_analyze_errors_fold_repeat.stdout,0,empty,implemented,,Ported from pinned Stim v1.16.0 command_analyze_errors fold_loops repeat case
m10-dem-parse-print-basic,M10,src/stim/dem/detector_error_model.test.cc,structural,structural,stab-core dem parse print,core-dem-parse-print,inputs/sample_dem_deterministic.dem,,0,any,implemented,DEM parse print parse preserves detector ids probabilities repeats and canonical structure,Hand-authored DEM input based on upstream detector error model coverage
m10-dem-parse-print-exact,M10,src/stim/dem/detector_error_model.test.cc,exact-output,exact-output,stab-core dem parse print,core-dem-parse-print,inputs/sample_dem_deterministic.dem,expected/m10_dem_parse_print_basic.stdout,0,any,implemented,,Hand-authored canonical printer output from pinned Stim v1.16.0 detector error model parser behavior
m11-sample-dem-deterministic,M11,src/stim/cmd/command_sample_dem.test.cc,exact-output-and-statistical,exact-output,stim sample_dem deterministic,sample_dem|--shots|3,inputs/sample_dem_deterministic.dem,expected/m11_sample_dem_deterministic.stdout,0,empty,red,,Hand-authored deterministic DEM sampler input recorded from pinned Stim v1.16.0
m11-sample-dem-noisy-statistical,M11,src/stim/cmd/command_sample_dem.test.cc,statistical,statistical,stim sample_dem noisy,sample_dem|--shots|1000|--seed|5,inputs/sample_dem_noisy.dem,,0,empty,red,sample_count=1000; fixed_seed=5; tolerate binomial p=0.25 within 5 sigma; false_positive_rate<=0.001,Hand-authored noisy DEM fixture for statistical comparator design
coverage-circuit-circuit-instruction,M4,src/stim/circuit/circuit_instruction.test.cc,structural,structural,cargo test stab-core circuit_instruction,cargo-test|-p|stab-core|--test|stim_format|target_groups_follow_stim_circuit_instruction_semantics,,,0,any,implemented,Runs the ported Rust structural test for Stim circuit_instruction combined target grouping semantics,Ported Rust tests derived from pinned Stim v1.16.0 compatibility matrix
coverage-circuit-gate-decomposition,M4,src/stim/circuit/gate_decomposition.test.cc,structural,structural,cargo test stab-core gate_decomposition,cargo-test|-p|stab-core|gate_decomposition,,,0,any,implemented,Runs the M4-owned structural target grouping and disjoint segmentation subset; full gate decompositions are deferred by the M4 decomposition scope gap,Ported Rust tests derived from pinned Stim v1.16.0 compatibility matrix
coverage-circuit-gate-target,M4,src/stim/circuit/gate_target.test.cc,structural,structural,cargo test stab-core gate_target,cargo-test|-p|stab-core|--test|stim_format|target,,,0,any,implemented,Runs the ported Rust structural tests for Stim target parsing classification typed accessors and inversion semantics,Ported Rust tests derived from pinned Stim v1.16.0 compatibility matrix
coverage-dem-dem-instruction,M10,src/stim/dem/dem_instruction.test.cc,structural,structural,cargo test stab-core dem_instruction,cargo-test|-p|stab-core|dem_instruction,,,0,any,implemented,Runs the M10-owned DEM target limit and separated error target group semantics ported from src/stim/dem/dem_instruction.test.cc; Stab parses numeric shift_detectors operands through DemTarget::Numeric instead of Stim's standalone DemTarget::from_text rejection,Ported Rust tests derived from pinned Stim v1.16.0 compatibility matrix
coverage-gates-gates,M4,src/stim/gates/gates.test.cc,structural,structural,cargo test stab-core gates,cargo-test|-p|stab-core|gates,,,0,any,implemented,Runs ported Rust structural tests for Stim gate lookup aliases canonical gate table and inverse metadata,Ported Rust tests derived from pinned Stim v1.16.0 compatibility matrix
coverage-gen-circuit-gen-params,M7,src/stim/gen/circuit_gen_params.test.cc,structural,structural,cargo test stab-core generator parameter helpers,cargo-test|-p|stab-core|circuit_generation::tests::append,,,0,any,implemented,Runs the M7-owned generator parameter helper subset including begin-round ticks 1q and 2q Clifford depolarization X/Y/Z reset measurement and measure-reset noise placement,Ported Rust tests derived from pinned Stim v1.16.0 compatibility matrix
coverage-gen-gen-color-code-structural,M7,src/stim/gen/gen_color_code.test.cc,structural,structural,cargo test stab-core circuit_generation color_code,cargo-test|-p|stab-core|--test|circuit_generation|color_code_generator,,,0,any,implemented,Runs the M7-owned color_code memory_xyz generator subset including Stim's noisy reference case and invalid round and distance checks; the full generator parameter matrix remains deferred,Ported Rust tests derived from pinned Stim v1.16.0 compatibility matrix
coverage-gen-gen-rep-code-structural,M7,src/stim/gen/gen_rep_code.test.cc,structural,structural,cargo test stab-core circuit_generation repetition_code,cargo-test|-p|stab-core|--test|circuit_generation|repetition_code,,,0,any,implemented,Runs the M7-owned repetition_code memory generator subset including Stim's noisy reference case invalid round and invalid distance checks; the full generator parameter matrix remains deferred,Ported Rust tests derived from pinned Stim v1.16.0 compatibility matrix
coverage-gen-gen-surface-code-structural,M7,src/stim/gen/gen_surface_code.test.cc,structural,structural,cargo test stab-core circuit_generation surface_code,cargo-test|-p|stab-core|--test|circuit_generation|surface_code_generator_matches_stim,,,0,any,implemented,Runs the M7-owned rotated and unrotated surface_code memory generator subset including Stim's noisy reference cases; the full generator parameter matrix remains deferred,Ported Rust tests derived from pinned Stim v1.16.0 compatibility matrix
coverage-io-measure-record,M8,src/stim/io/measure_record.test.cc,exact-output,structural,cargo test stab-core result_formats,cargo-test|-p|stab-core|result_formats,,,0,any,implemented,Runs the M8-owned MeasureRecord lookback unwritten-write and compaction subset against Stim byte expectations,Ported Rust tests derived from pinned Stim v1.16.0 compatibility matrix
coverage-io-measure-record-batch,M8,src/stim/io/measure_record_batch.test.cc,exact-output,structural,cargo test stab-core result_formats,cargo-test|-p|stab-core|result_formats,,,0,any,implemented,Runs the M8-owned MeasureRecordBatch record lookback zero-edit reference-xor and shot-major write subset,Ported Rust tests derived from pinned Stim v1.16.0 compatibility matrix
coverage-io-measure-record-batch-writer,M8,src/stim/io/measure_record_batch_writer.test.cc,exact-output,structural,cargo test stab-core result_formats,cargo-test|-p|stab-core|result_formats,,,0,any,implemented,Runs the M8-owned MeasureRecordBatchWriter shot-major 01 layout subset,Ported Rust tests derived from pinned Stim v1.16.0 compatibility matrix
coverage-io-measure-record-reader,M8,src/stim/io/measure_record_reader.test.cc,exact-output,structural,cargo test stab-core result_formats,cargo-test|-p|stab-core|result_formats,,,0,any,implemented,Runs the M8-owned 01 b8 r8 hits dets reader subset including multi-record and writer round-trip cases,Ported Rust tests derived from pinned Stim v1.16.0 compatibility matrix
coverage-io-measure-record-writer,M8,src/stim/io/measure_record_writer.test.cc,exact-output,structural,cargo test stab-core result_formats,cargo-test|-p|stab-core|result_formats,,,0,any,implemented,Runs the M8-owned 01 b8 r8 hits dets and ptb64 writer byte-layout subset,Ported Rust tests derived from pinned Stim v1.16.0 compatibility matrix
coverage-io-sparse-shot,M8,src/stim/io/sparse_shot.test.cc,exact-output,structural,cargo test stab-core result_formats,cargo-test|-p|stab-core|result_formats,,,0,any,implemented,Runs the M8-owned SparseShot equality debug string and low-64 observable mask subset,Ported Rust tests derived from pinned Stim v1.16.0 compatibility matrix
coverage-mem-bit-ref,M5,src/stim/mem/bit_ref.test.cc,property,property,cargo test stab-core bit_ref,cargo-test|-p|stab-core|--test|bits|bit_ref,,,0,any,implemented,Runs the M5-owned bit reference and boundary subset; broader upstream bit-storage utilities are deferred by the M5 memory utility scope gap,Ported Rust tests derived from pinned Stim v1.16.0 compatibility matrix
coverage-mem-simd-bit-table,M5,src/stim/mem/simd_bit_table.test.cc,property,property,cargo test stab-core bit_matrix,cargo-test|-p|stab-core|--test|bits|bit_matrix,,,0,any,implemented,Runs the M5-owned packed bit matrix row operation and transposition subset; full table parsing slicing resize and algebra helpers are deferred by the M5 memory utility scope gap,Ported Rust tests derived from pinned Stim v1.16.0 compatibility matrix
coverage-mem-simd-bits,M5,src/stim/mem/simd_bits.test.cc,property,property,cargo test stab-core bitvec,cargo-test|-p|stab-core|--test|bits|bitvec,,,0,any,implemented,Runs the M5-owned scalar-vs-SIMD packed bit vector XOR AND OR masked XOR tail and copy subset; randomization shifts and extra predicates are deferred by the M5 memory utility scope gap,Ported Rust tests derived from pinned Stim v1.16.0 compatibility matrix
coverage-mem-simd-bits-range-ref,M5,src/stim/mem/simd_bits_range_ref.test.cc,property,property,cargo test stab-core range,cargo-test|-p|stab-core|--test|bits|range,,,0,any,implemented,Runs the M5-owned bit range XOR and unaligned-tail subset; range randomization shifts addition and subset helpers are deferred by the M5 memory utility scope gap,Ported Rust tests derived from pinned Stim v1.16.0 compatibility matrix
coverage-mem-simd-util,M5,src/stim/mem/simd_util.test.cc,property,property,cargo test stab-core bit_util,cargo-test|-p|stab-core|--test|bits|bit_util,,,0,any,implemented,Runs the M5-owned bit utility subset for masked XOR and popcount boundaries; unsupported storage helpers are deferred by the M5 memory utility scope gap,Ported Rust tests derived from pinned Stim v1.16.0 compatibility matrix
coverage-mem-simd-word,M5,src/stim/mem/simd_word.test.cc,property,property,cargo test stab-core bit_block,cargo-test|-p|stab-core|--test|bits|bit_block,,,0,any,implemented,Runs the M5-owned scalar-vs-SIMD bit block subset for word operations and popcount,Ported Rust tests derived from pinned Stim v1.16.0 compatibility matrix
coverage-mem-sparse-xor-vec,M5,src/stim/mem/sparse_xor_vec.test.cc,property,property,cargo test stab-core sparse_xor,cargo-test|-p|stab-core|--test|bits|sparse_xor,,,0,any,implemented,Runs the M5-owned sorted sparse XOR vector symmetric-difference subset; table-specific sparse XOR behavior is covered as benchmark evidence and broader helpers are deferred by the M5 memory utility scope gap,Ported Rust tests derived from pinned Stim v1.16.0 compatibility matrix
coverage-search-graphlike-algo,M10,src/stim/search/graphlike/algo.test.cc,structural,structural,manifest-only dem-analysis algo,manifest-only|coverage-search-graphlike-algo,,,0,any,manifest-only,Port upstream semantic assertions from src/stim/search/graphlike/algo.test.cc as Rust structural tests before milestone completion,Manifest-only row derived from pinned Stim v1.16.0 compatibility matrix
coverage-search-graphlike-edge,M10,src/stim/search/graphlike/edge.test.cc,structural,structural,manifest-only dem-analysis edge,manifest-only|coverage-search-graphlike-edge,,,0,any,manifest-only,Port upstream semantic assertions from src/stim/search/graphlike/edge.test.cc as Rust structural tests before milestone completion,Manifest-only row derived from pinned Stim v1.16.0 compatibility matrix
coverage-search-graphlike-graph,M10,src/stim/search/graphlike/graph.test.cc,structural,structural,manifest-only dem-analysis graph,manifest-only|coverage-search-graphlike-graph,,,0,any,manifest-only,Port upstream semantic assertions from src/stim/search/graphlike/graph.test.cc as Rust structural tests before milestone completion,Manifest-only row derived from pinned Stim v1.16.0 compatibility matrix
coverage-search-graphlike-node,M10,src/stim/search/graphlike/node.test.cc,structural,structural,manifest-only dem-analysis node,manifest-only|coverage-search-graphlike-node,,,0,any,manifest-only,Port upstream semantic assertions from src/stim/search/graphlike/node.test.cc as Rust structural tests before milestone completion,Manifest-only row derived from pinned Stim v1.16.0 compatibility matrix
coverage-search-graphlike-search-state,M10,src/stim/search/graphlike/search_state.test.cc,structural,structural,manifest-only dem-analysis search_state,manifest-only|coverage-search-graphlike-search-state,,,0,any,manifest-only,Port upstream semantic assertions from src/stim/search/graphlike/search_state.test.cc as Rust structural tests before milestone completion,Manifest-only row derived from pinned Stim v1.16.0 compatibility matrix
coverage-search-hyper-algo,M10,src/stim/search/hyper/algo.test.cc,structural,structural,manifest-only dem-analysis algo,manifest-only|coverage-search-hyper-algo,,,0,any,manifest-only,Port upstream semantic assertions from src/stim/search/hyper/algo.test.cc as Rust structural tests before milestone completion,Manifest-only row derived from pinned Stim v1.16.0 compatibility matrix
coverage-search-hyper-edge,M10,src/stim/search/hyper/edge.test.cc,structural,structural,manifest-only dem-analysis edge,manifest-only|coverage-search-hyper-edge,,,0,any,manifest-only,Port upstream semantic assertions from src/stim/search/hyper/edge.test.cc as Rust structural tests before milestone completion,Manifest-only row derived from pinned Stim v1.16.0 compatibility matrix
coverage-search-hyper-graph,M10,src/stim/search/hyper/graph.test.cc,structural,structural,manifest-only dem-analysis graph,manifest-only|coverage-search-hyper-graph,,,0,any,manifest-only,Port upstream semantic assertions from src/stim/search/hyper/graph.test.cc as Rust structural tests before milestone completion,Manifest-only row derived from pinned Stim v1.16.0 compatibility matrix
coverage-search-hyper-node,M10,src/stim/search/hyper/node.test.cc,structural,structural,manifest-only dem-analysis node,manifest-only|coverage-search-hyper-node,,,0,any,manifest-only,Port upstream semantic assertions from src/stim/search/hyper/node.test.cc as Rust structural tests before milestone completion,Manifest-only row derived from pinned Stim v1.16.0 compatibility matrix
coverage-search-hyper-search-state,M10,src/stim/search/hyper/search_state.test.cc,structural,structural,manifest-only dem-analysis search_state,manifest-only|coverage-search-hyper-search-state,,,0,any,manifest-only,Port upstream semantic assertions from src/stim/search/hyper/search_state.test.cc as Rust structural tests before milestone completion,Manifest-only row derived from pinned Stim v1.16.0 compatibility matrix
coverage-search-sat-wcnf,M10,src/stim/search/sat/wcnf.test.cc,structural,structural,manifest-only dem-analysis wcnf,manifest-only|coverage-search-sat-wcnf,,,0,any,manifest-only,Port upstream semantic assertions from src/stim/search/sat/wcnf.test.cc as Rust structural tests before milestone completion,Manifest-only row derived from pinned Stim v1.16.0 compatibility matrix
coverage-simulators-dem-sampler,M11,src/stim/simulators/dem_sampler.test.cc,exact-output-and-statistical,statistical,manifest-only sampler dem_sampler,manifest-only|coverage-simulators-dem-sampler,,,0,any,manifest-only,Define exact deterministic cases plus statistical bounds from src/stim/simulators/dem_sampler.test.cc before milestone completion,Manifest-only row derived from pinned Stim v1.16.0 compatibility matrix
coverage-simulators-error-analyzer,M10,src/stim/simulators/error_analyzer.test.cc,structural,structural,manifest-only dem-analysis error_analyzer,manifest-only|coverage-simulators-error-analyzer,,,0,any,manifest-only,Port upstream semantic assertions from src/stim/simulators/error_analyzer.test.cc as Rust structural tests before milestone completion,Manifest-only row derived from pinned Stim v1.16.0 compatibility matrix
coverage-simulators-error-matcher,M10,src/stim/simulators/error_matcher.test.cc,structural,structural,manifest-only dem-analysis error_matcher,manifest-only|coverage-simulators-error-matcher,,,0,any,manifest-only,Port upstream semantic assertions from src/stim/simulators/error_matcher.test.cc as Rust structural tests before milestone completion,Manifest-only row derived from pinned Stim v1.16.0 compatibility matrix
coverage-simulators-frame-simulator,M8,src/stim/simulators/frame_simulator.test.cc,exact-output-and-statistical,structural,cargo test stab-core sampling,cargo-test|-p|stab-core|sampling,,,0,any,implemented,Runs the M8-owned frame simulator sampling subset through core sampler tests for Pauli noise heralded noise feedback repeats MPP and result output; detector-event output and bit-parallel frame storage are owned by M9 and M12,Ported Rust tests derived from pinned Stim v1.16.0 compatibility matrix
coverage-simulators-frame-simulator-util,M9,src/stim/simulators/frame_simulator_util.test.cc,structural,structural,cargo test stab-core detection,cargo-test|-p|stab-core|detection,,,0,any,implemented,Runs the M9-owned detection-event sampling gauge-detector and observable-output writer subset through core detection tests; prepend-observable and streaming-internal behaviors are represented by public append/obs_out workflows,Ported Rust tests derived from pinned Stim v1.16.0 compatibility matrix
coverage-simulators-matched-error,M10,src/stim/simulators/matched_error.test.cc,structural,structural,manifest-only dem-analysis matched_error,manifest-only|coverage-simulators-matched-error,,,0,any,manifest-only,Port upstream semantic assertions from src/stim/simulators/matched_error.test.cc as Rust structural tests before milestone completion,Manifest-only row derived from pinned Stim v1.16.0 compatibility matrix
coverage-simulators-measurements-to-detection-events,M9,src/stim/simulators/measurements_to_detection_events.test.cc,exact-output,exact-output,stim m2d reference parity,m2d|--in_format=01|--out_format=dets|--circuit=oracle/fixtures/inputs/m2d_reference_parity.stim,inputs/m2d_reference_parity_measurements.01,expected/m9_m2d_reference_parity.stdout,0,empty,implemented,Ports upstream file_01_to_dets_no_obs reference-sample parity case through public m2d CLI,Ported Rust fixture derived from pinned Stim v1.16.0 measurements_to_detection_events coverage
coverage-simulators-measurements-to-detection-events-rust,M9,src/stim/simulators/measurements_to_detection_events.test.cc,structural,structural,cargo test stab-core detection,cargo-test|-p|stab-core|detection,,,0,any,implemented,Runs the M9-owned measurement-to-detection conversion subset covering reference-sample parity skip_reference_sample repeats coordinate annotations observable ids empty-detector circuits invalid rec references and text plus bit-packed writers,Ported Rust tests derived from pinned Stim v1.16.0 compatibility matrix
coverage-simulators-sparse-rev-frame-tracker,M10,src/stim/simulators/sparse_rev_frame_tracker.test.cc,structural,structural,manifest-only dem-analysis sparse_rev_frame_tracker,manifest-only|coverage-simulators-sparse-rev-frame-tracker,,,0,any,manifest-only,Port sparse reverse detector-frame tracker tableau undo feedback detector observable and anticommutation assertions as Rust structural tests before M10 completion,Manifest-only row derived from pinned Stim v1.16.0 compatibility matrix
coverage-simulators-tableau-simulator,M8,src/stim/simulators/tableau_simulator.test.cc,structural,structural,cargo test stab-core sampling,cargo-test|-p|stab-core|sampling,,,0,any,implemented,Runs the M8-owned tableau simulator sample-circuit subset through core sampler tests for Clifford gates measurement reset feedback pair and product measurements heralded noise and result output; peek postselection canonical-stabilizer and state-vector APIs are owned outside M8,Ported Rust tests derived from pinned Stim v1.16.0 compatibility matrix
coverage-py-compiled-measurement-sampler,M8,src/stim/py/compiled_measurement_sampler_pybind_test.py,structural,structural,cargo test stab-cli sample,cargo-test|-p|stab-cli|sample,,,0,any,implemented,Runs the M8 mined compiled-measurement sampler semantics for seed behavior output formats path IO skip_reference and bit-packed sample bytes through CLI and core sample tests; Python binding APIs remain deferred,Semantic-mining row derived from pinned Stim v1.16.0 Python tests
coverage-py-frame-simulator,M8,src/stim/simulators/frame_simulator_pybind_test.py,structural,structural,cargo test stab-core sampling,cargo-test|-p|stab-core|sampling,,,0,any,implemented,Runs the M8 mined frame-simulator sampling semantics for noisy Pauli channels feedback repeats MPP heralded noise and result output through core sampler tests; Python binding APIs remain deferred,Semantic-mining row derived from pinned Stim v1.16.0 Python tests
coverage-py-tableau-simulator,M8,src/stim/simulators/tableau_simulator_pybind_test.py,structural,structural,cargo test stab-core sampling,cargo-test|-p|stab-core|sampling,,,0,any,implemented,Runs the M8 mined tableau-simulator semantics for Clifford gates measurement reset feedback pair and product measurements through core sampler tests; Python binding APIs remain deferred,Semantic-mining row derived from pinned Stim v1.16.0 Python tests
coverage-stabilizers-clifford-string,M6,src/stim/stabilizers/clifford_string.test.cc,property,property,cargo test stab-core clifford_string,cargo-test|-p|stab-core|--test|stabilizers|clifford,,,0,any,implemented,Runs the M6-owned CliffordString set/get token formatting single-qubit gate conversion composition identity concatenation and repeat subset; circuit conversion random distribution and bit-packed SIMD storage remain deferred,Ported Rust tests derived from pinned Stim v1.16.0 compatibility matrix
coverage-stabilizers-flex-pauli-string,M6,src/stim/stabilizers/flex_pauli_string.test.cc,property,property,cargo test stab-core flex_pauli_string,cargo-test|-p|stab-core|--test|stabilizers|flex_pauli,,,0,any,implemented,Runs the M6-owned FlexPauliString dense sparse lowercase imaginary phase and multiplication subset; append repetition and Python binding behavior remain deferred until matching API scope,Ported Rust tests derived from pinned Stim v1.16.0 compatibility matrix
coverage-stabilizers-flow,M6,src/stim/stabilizers/flow.test.cc,structural,structural,cargo test stab-core stabilizer_flows,cargo-test|-p|stab-core|--test|stabilizer_flows,,,0,any,implemented,Runs the M6-owned Flow parsing canonicalization observable display ordering and multiplication subset; circuit has_flow integration remains tracked by util-top rows,Ported Rust tests derived from pinned Stim v1.16.0 compatibility matrix
coverage-stabilizers-pauli-string,M6,src/stim/stabilizers/pauli_string.test.cc,property,property,cargo test stab-core pauli_string,cargo-test|-p|stab-core|--test|stabilizers|pauli,,,0,any,implemented,Runs the M6-owned PauliString dense text XZ mapping scalar byproduct multiplication commutation sparse formatting and associativity subset; circuit before/after tableaus slicing and foreign-memory views remain deferred,Ported Rust tests derived from pinned Stim v1.16.0 compatibility matrix
coverage-stabilizers-pauli-string-iter,M6,src/stim/stabilizers/pauli_string_iter.test.cc,property,property,cargo test stab-core pauli_string_iter,cargo-test|-p|stab-core|--test|stabilizers|pauli_string_iter,,,0,any,implemented,Runs the M6-owned PauliStringIterator upstream small-case parity subset including zero single full weights allowed-axis filters impossible ranges and restart behavior; NestedLooper remains internal to Stim and tableau-constrained iteration remains tracked by tableau_iter,Ported Rust tests derived from pinned Stim v1.16.0 compatibility matrix
coverage-stabilizers-pauli-string-ref,M6,src/stim/stabilizers/pauli_string_ref.test.cc,property,property,cargo test stab-core pauli_string_ref subset,cargo-test|-p|stab-core|--test|stabilizers|pauli_ref,,,0,any,implemented,Runs the M6-owned owned-API subset for weight empty intersection and active-term iteration; borrowed view mutation circuit propagation and tableau propagation remain deferred,Ported Rust tests derived from pinned Stim v1.16.0 compatibility matrix
coverage-stabilizers-tableau,M6,src/stim/stabilizers/tableau.test.cc,property,property,cargo test stab-core tableau,cargo-test|-p|stab-core|--test|stabilizers|tableau,,,0,any,implemented,Runs the M6-owned Tableau identity formatting gate constructors Y-output evaluation Pauli application composition inversion accessors and Pauli-product round-trip subset; random generation scatter mutation unitary conversion and transposed-tableau behavior remain deferred,Ported Rust tests derived from pinned Stim v1.16.0 compatibility matrix
coverage-stabilizers-tableau-iter,M6,src/stim/stabilizers/tableau_iter.test.cc,property,property,cargo test stab-core tableau_iter,cargo-test|-p|stab-core|--test|stabilizers|tableau_iter,,,0,any,implemented,Runs the M6-owned CommutingPauliStringIterator and TableauIterator parity subset including constrained Pauli order tableau counts signed 2q distinctness and clone continuation; 3q exhaustive counting and Python iteration bindings remain deferred,Ported Rust tests derived from pinned Stim v1.16.0 compatibility matrix
coverage-util-bot-arg-parse,M7,src/stim/util_bot/arg_parse.test.cc,structural,structural,cargo test stab-cli arg_parse boundary,cargo-test|-p|stab-cli|arg_parse,,,0,any,implemented,Runs the M7-owned public CLI argument boundary subset including unknown arguments required arguments invalid integers invalid enum values and domain-level probability range validation; internal C++ helper pointer-return and file-open behavior is replaced by Clap and typed Rust path handling,Ported Rust tests derived from pinned Stim v1.16.0 compatibility matrix
coverage-util-bot-error-decomp,M10,src/stim/util_bot/error_decomp.test.cc,structural,structural,manifest-only dem-analysis error_decomp,manifest-only|coverage-util-bot-error-decomp,,,0,any,manifest-only,Port upstream semantic assertions from src/stim/util_bot/error_decomp.test.cc as Rust structural tests before milestone completion,Manifest-only row derived from pinned Stim v1.16.0 compatibility matrix
coverage-util-bot-probability-util,M4,src/stim/util_bot/probability_util.test.cc,property,property,cargo test stab-core probability,cargo-test|-p|stab-core|probability,,,0,any,implemented,Runs the M4-owned probability validation subset; random hit-index and biased-bit sampling from the upstream file are deferred by the M4 utility scope gap,Ported Rust tests derived from pinned Stim v1.16.0 compatibility matrix
coverage-util-bot-twiddle,M5,src/stim/util_bot/twiddle.test.cc,property,property,cargo test stab-core twiddle,cargo-test|-p|stab-core|--test|bits|twiddle,,,0,any,implemented,Runs the ported Rust tests for power-of-two floor-lg2 and first-set-bit helpers,Ported Rust tests derived from pinned Stim v1.16.0 compatibility matrix
coverage-util-top-circuit-flow-generators,M6,src/stim/util_top/circuit_flow_generators.test.cc,structural,structural,cargo test stab-core circuit_flow_generators,cargo-test|-p|stab-core|--test|circuit_flow_generators,,,0,any,implemented,Runs the M6-owned unitary circuit-flow-generator subset including empty circuits single-qubit Clifford examples composed unitaries ISWAP order and measurement rejection; measurement-record reset pair-measurement and noise-derived generator flows remain deferred,Ported Rust tests derived from pinned Stim v1.16.0 compatibility matrix
coverage-util-top-circuit-inverse-qec,M6,src/stim/util_top/circuit_inverse_qec.test.cc,structural,structural,cargo test stab-core circuit_inverse_qec,cargo-test|-p|stab-core|--test|circuit_inverse_qec,,,0,any,implemented,Runs the M6-owned QEC inverse unitary subset matching the upstream unitary case and explicitly rejecting measurement rewrite cases; reset measurement detector noise feedback and detecting-region rewrites remain deferred,Ported Rust tests derived from pinned Stim v1.16.0 compatibility matrix
coverage-util-top-circuit-inverse-unitary,M6,src/stim/util_top/circuit_inverse_unitary.test.cc,structural,structural,cargo test stab-core circuit_inverse,cargo-test|-p|stab-core|--test|circuit_inverse,,,0,any,implemented,Runs the M6-owned unitary circuit inverse subset including reversed inverse gate grouping measurement rejection and tableau identity composition; QEC inverse remains tracked by circuit_inverse_qec,Ported Rust tests derived from pinned Stim v1.16.0 compatibility matrix
coverage-util-top-circuit-to-dem,M10,src/stim/util_top/circuit_to_dem.test.cc,structural,structural,manifest-only dem-analysis circuit_to_dem,manifest-only|coverage-util-top-circuit-to-dem,,,0,any,manifest-only,Port upstream semantic assertions from src/stim/util_top/circuit_to_dem.test.cc as Rust structural tests before milestone completion,Manifest-only row derived from pinned Stim v1.16.0 compatibility matrix
coverage-util-top-circuit-to-detecting-regions,M9,src/stim/util_top/circuit_to_detecting_regions.test.cc,structural,structural,manifest-only detector-conversion circuit_to_detecting_regions,manifest-only|coverage-util-top-circuit-to-detecting-regions,,,0,any,manifest-only,Port upstream semantic assertions from src/stim/util_top/circuit_to_detecting_regions.test.cc as Rust structural tests before milestone completion,Manifest-only row derived from pinned Stim v1.16.0 compatibility matrix
coverage-util-top-circuit-vs-tableau,M6,src/stim/util_top/circuit_vs_tableau.test.cc,structural,structural,cargo test stab-core circuit_tableau,cargo-test|-p|stab-core|--test|circuit_tableau,,,0,any,implemented,Runs the M6-owned Circuit::to_tableau subset including unitary composition repeat blocks non-unitary ignore or reject behavior annotations and basic Stim examples; tableau_to_circuit synthesis remains deferred,Ported Rust tests derived from pinned Stim v1.16.0 compatibility matrix
coverage-util-top-count-determined-measurements,M8,src/stim/util_top/count_determined_measurements.test.cc,structural,structural,cargo test stab-core count_determined,cargo-test|-p|stab-core|count_determined,,,0,any,implemented,Runs the M8-owned unknown-input basis pair MPP convergence repeat and MPAD count-determined measurement subset; generated detector and observable counting remains deferred until detector APIs land,Ported Rust tests derived from pinned Stim v1.16.0 compatibility matrix
coverage-util-top-has-flow,M6,src/stim/util_top/has_flow.test.cc,structural,structural,cargo test stab-core circuit_flows,cargo-test|-p|stab-core|--test|circuit_flows,,,0,any,implemented,Runs the M6-owned deterministic unsigned unitary-flow subset including the upstream historical failure and sign-insensitive support checks; sampled checks measurement-index flows and observable-rich flows remain deferred,Ported Rust tests derived from pinned Stim v1.16.0 compatibility matrix
coverage-util-top-mbqc-decomposition,M6,src/stim/util_top/mbqc_decomposition.test.cc,structural,structural,cargo test stab-core mbqc_decomposition,cargo-test|-p|stab-core|--test|mbqc_decomposition,,,0,any,implemented,Runs the M6-owned MBQC static-table subset including none cases measurement/reset aliases H_XY S Pauli identity and CX decomposition parsing; full table coverage and sampled flow verification remain deferred until measurement-rich flow checking lands,Ported Rust tests derived from pinned Stim v1.16.0 compatibility matrix
coverage-util-top-missing-detectors,M9,src/stim/util_top/missing_detectors.test.cc,structural,structural,manifest-only detector-conversion missing_detectors,manifest-only|coverage-util-top-missing-detectors,,,0,any,manifest-only,Port upstream semantic assertions from src/stim/util_top/missing_detectors.test.cc as Rust structural tests before milestone completion,Manifest-only row derived from pinned Stim v1.16.0 compatibility matrix
coverage-util-top-reference-sample-tree,M8,src/stim/util_top/reference_sample_tree.test.cc,structural,structural,cargo test stab-core reference_sample_tree,cargo-test|-p|stab-core|reference_sample_tree,,,0,any,implemented,Runs the M8-owned ReferenceSampleTree equality string simplify decompress random-access and basic circuit reference-sample subset; optimized loop-folded construction remains deferred,Ported Rust tests derived from pinned Stim v1.16.0 compatibility matrix
coverage-util-top-simplified-circuit,M6,src/stim/util_top/simplified_circuit.test.cc,structural,structural,cargo test stab-core circuit_simplify,cargo-test|-p|stab-core|--test|circuit_simplify,,,0,any,implemented,Runs the M6-owned simplified-circuit subset for H/S/CX base decomposition of single-qubit Clifford gates CZ CY SWAP recursion into repeats tableau equivalence and preservation of unsupported gates; full all-gates decomposition remains deferred,Ported Rust tests derived from pinned Stim v1.16.0 compatibility matrix
coverage-util-top-stabilizers-to-tableau,M6,src/stim/util_top/stabilizers_to_tableau.test.cc,structural,structural,cargo test stab-core stabilizers_to_tableau,cargo-test|-p|stab-core|--test|stabilizers_to_tableau,,,0,any,implemented,Runs the M6-owned deterministic stabilizers-to-tableau subset including Bell pair redundancy inconsistent sign anticommutation underconstrained inverse size-affecting identity redundancy signed valid-tableau samples and a past-iterator-limit conversion; randomized fuzz conversion coverage remains deferred,Ported Rust tests derived from pinned Stim v1.16.0 compatibility matrix
coverage-util-top-transform-without-feedback,M9,src/stim/util_top/transform_without_feedback.test.cc,structural,structural,manifest-only detector-conversion transform_without_feedback,manifest-only|coverage-util-top-transform-without-feedback,,,0,any,manifest-only,Port upstream semantic assertions from src/stim/util_top/transform_without_feedback.test.cc as Rust structural tests before milestone completion,Manifest-only row derived from pinned Stim v1.16.0 compatibility matrix
